risk_budget,method,seed,groups,mean_risk_score,ci95_risk_score,mean_coverage,ci95_coverage,mean_success,ci95_success,mean_utility,ci95_utility
0.08,no_contact_behavior_clone,0,80,0.108348,0.005079,0.699032,0.014108,0.249897,0.033839,0.199027,0.033456
0.08,no_contact_behavior_clone,1,80,0.1086,0.005065,0.698334,0.014068,0.251732,0.036956,0.201974,0.036687
0.08,no_contact_behavior_clone,2,80,0.108421,0.005078,0.69883,0.014104,0.230919,0.029922,0.181876,0.029003
0.08,no_contact_behavior_clone,3,80,0.108647,0.005148,0.698202,0.014301,0.243406,0.03494,0.195829,0.034036
0.08,no_contact_behavior_clone,4,80,0.108702,0.005003,0.69805,0.013897,0.254224,0.037011,0.207433,0.035585
0.08,no_contact_behavior_clone,5,80,0.10876,0.0051,0.697888,0.014167,0.241867,0.03059,0.190751,0.030532
0.08,no_contact_behavior_clone,6,80,0.108604,0.005066,0.698321,0.014071,0.257329,0.031202,0.205573,0.031149
0.08,no_contact_behavior_clone,7,80,0.108682,0.005074,0.698105,0.014094,0.255329,0.02846,0.203413,0.028192
0.08,no_contact_behavior_clone,8,80,0.108533,0.005072,0.698519,0.014089,0.2214,0.028987,0.173301,0.027601
0.08,no_contact_behavior_clone,9,80,0.108581,0.005116,0.698386,0.014211,0.255336,0.028562,0.204278,0.02794
0.08,domain_randomization,0,80,0.093672,0.004444,0.7398,0.012344,0.32986,0.038172,0.297728,0.038443
0.08,domain_randomization,1,80,0.093457,0.004363,0.740397,0.012119,0.303656,0.029644,0.270816,0.030003
0.08,domain_randomization,2,80,0.09418,0.004389,0.73839,0.012191,0.303398,0.033773,0.270808,0.034352
0.08,domain_randomization,3,80,0.093763,0.004356,0.739547,0.012099,0.320916,0.035157,0.28932,0.034947
0.08,domain_randomization,4,80,0.094057,0.004316,0.738731,0.011988,0.32098,0.031772,0.287098,0.032455
0.08,domain_randomization,5,80,0.093986,0.004298,0.738927,0.011939,0.32527,0.038211,0.293965,0.038152
0.08,domain_randomization,6,80,0.093593,0.00439,0.74002,0.012194,0.306943,0.031941,0.276292,0.031492
0.08,domain_randomization,7,80,0.093872,0.004374,0.739245,0.012151,0.334272,0.033559,0.300788,0.034368
0.08,domain_randomization,8,80,0.093861,0.004332,0.739274,0.012034,0.328509,0.032944,0.296133,0.032744
0.08,domain_randomization,9,80,0.094107,0.004283,0.738592,0.011898,0.327888,0.032939,0.294171,0.032629
0.08,diffusion_policy_surrogate,0,80,0.095568,0.004515,0.734534,0.012543,0.350711,0.034915,0.319775,0.035364
0.08,diffusion_policy_surrogate,1,80,0.095978,0.004482,0.733394,0.012451,0.330928,0.033198,0.299686,0.033044
0.08,diffusion_policy_surrogate,2,80,0.095822,0.004433,0.733829,0.012314,0.333573,0.032044,0.30205,0.032545
0.08,diffusion_policy_surrogate,3,80,0.095641,0.004424,0.734331,0.012289,0.31832,0.03339,0.286293,0.034128
0.08,diffusion_policy_surrogate,4,80,0.095584,0.004417,0.734489,0.012269,0.359811,0.034577,0.329617,0.034421
0.08,diffusion_policy_surrogate,5,80,0.095911,0.004439,0.73358,0.012331,0.333398,0.028555,0.301737,0.029196
0.08,diffusion_policy_surrogate,6,80,0.095964,0.004491,0.733433,0.012475,0.343106,0.029983,0.310869,0.030592
0.08,diffusion_policy_surrogate,7,80,0.096028,0.004577,0.733256,0.012714,0.34064,0.03668,0.30983,0.036765
0.08,diffusion_policy_surrogate,8,80,0.095819,0.004348,0.733837,0.012078,0.324305,0.034599,0.292924,0.035052
0.08,diffusion_policy_surrogate,9,80,0.095567,0.00442,0.734535,0.012277,0.337318,0.036286,0.306785,0.036803
0.08,robotics_transformer_surrogate,0,80,0.09058,0.004181,0.74839,0.011613,0.369071,0.034317,0.344149,0.034631
0.08,robotics_transformer_surrogate,1,80,0.090912,0.004156,0.747467,0.011545,0.334738,0.037051,0.309732,0.037445
0.08,robotics_transformer_surrogate,2,80,0.09047,0.004179,0.748693,0.01161,0.386105,0.038344,0.360854,0.039054
0.08,robotics_transformer_surrogate,3,80,0.090749,0.004223,0.747919,0.011732,0.347832,0.035069,0.322907,0.035655
0.08,robotics_transformer_surrogate,4,80,0.090665,0.004161,0.748153,0.011558,0.35342,0.040902,0.32845,0.041543
0.08,robotics_transformer_surrogate,5,80,0.090776,0.004106,0.747846,0.011405,0.360604,0.039598,0.336094,0.040221
0.08,robotics_transformer_surrogate,6,80,0.090731,0.004177,0.747969,0.011603,0.3276,0.031801,0.302161,0.032705
0.08,robotics_transformer_surrogate,7,80,0.090684,0.004249,0.748099,0.011804,0.325685,0.034581,0.300875,0.034959
0.08,robotics_transformer_surrogate,8,80,0.09063,0.004191,0.748251,0.01164,0.37512,0.033807,0.350385,0.033788
0.08,robotics_transformer_surrogate,9,80,0.091084,0.00414,0.746988,0.011501,0.374044,0.035772,0.348749,0.036413
0.08,ensemble_disagreement_planner,0,80,0.06667,0.003005,0.814804,0.008348,0.429559,0.033441,0.435711,0.033811
0.08,ensemble_disagreement_planner,1,80,0.066538,0.003141,0.815171,0.008725,0.429294,0.032916,0.435124,0.03352
0.08,ensemble_disagreement_planner,2,80,0.067166,0.003036,0.813427,0.008434,0.3979,0.038699,0.404178,0.039228
0.08,ensemble_disagreement_planner,3,80,0.066836,0.003201,0.814344,0.008891,0.403175,0.0403,0.408883,0.040722
0.08,ensemble_disagreement_planner,4,80,0.066614,0.003092,0.814962,0.008589,0.421829,0.038802,0.427792,0.039276
0.08,ensemble_disagreement_planner,5,80,0.066623,0.003106,0.814935,0.008628,0.426223,0.035063,0.432247,0.03537
0.08,ensemble_disagreement_planner,6,80,0.066855,0.003192,0.814293,0.008867,0.415849,0.033999,0.422004,0.034409
0.08,ensemble_disagreement_planner,7,80,0.066635,0.003059,0.814902,0.008497,0.373466,0.03818,0.379537,0.038427
0.08,ensemble_disagreement_planner,8,80,0.066737,0.003124,0.81462,0.008677,0.414178,0.039643,0.420293,0.03982
0.08,ensemble_disagreement_planner,9,80,0.066833,0.003128,0.814352,0.008688,0.417089,0.033682,0.423165,0.033919
0.08,conformal_risk_filter,0,80,0.060836,0.002891,0.831011,0.00803,0.42919,0.033916,0.437571,0.034175
0.08,conformal_risk_filter,1,80,0.060383,0.002824,0.832268,0.007846,0.395668,0.030361,0.404243,0.030883
0.08,conformal_risk_filter,2,80,0.060784,0.00288,0.831155,0.008001,0.448839,0.04095,0.456973,0.041639
0.08,conformal_risk_filter,3,80,0.060988,0.002866,0.830589,0.007961,0.41326,0.038349,0.42135,0.038855
0.08,conformal_risk_filter,4,80,0.061164,0.002899,0.830099,0.008052,0.383399,0.038627,0.391747,0.039233
0.08,conformal_risk_filter,5,80,0.06071,0.002813,0.83136,0.007814,0.41808,0.03544,0.426735,0.035723
0.08,conformal_risk_filter,6,80,0.060883,0.002831,0.83088,0.007863,0.408592,0.036014,0.416873,0.03626
0.08,conformal_risk_filter,7,80,0.061178,0.002755,0.83006,0.007654,0.420871,0.042633,0.428884,0.042907
0.08,conformal_risk_filter,8,80,0.060755,0.002855,0.831237,0.007931,0.43179,0.03887,0.44022,0.039338
0.08,conformal_risk_filter,9,80,0.060826,0.002898,0.83104,0.00805,0.406938,0.037314,0.415416,0.037643
0.08,smooth_dynamics_world_model,0,80,0.094308,0.004342,0.738033,0.012061,0.326588,0.035176,0.295964,0.035521
0.08,smooth_dynamics_world_model,1,80,0.094257,0.004398,0.738176,0.012216,0.32619,0.041686,0.295879,0.041908
0.08,smooth_dynamics_world_model,2,80,0.09503,0.00451,0.736029,0.012527,0.317038,0.030917,0.285897,0.031249
0.08,smooth_dynamics_world_model,3,80,0.094759,0.004406,0.73678,0.012238,0.314712,0.031681,0.283433,0.032122
0.08,smooth_dynamics_world_model,4,80,0.094284,0.004421,0.738099,0.012279,0.345216,0.037304,0.314075,0.03803
0.08,smooth_dynamics_world_model,5,80,0.094604,0.004372,0.737211,0.012144,0.349322,0.033892,0.317456,0.034365
0.08,smooth_dynamics_world_model,6,80,0.094671,0.004473,0.737025,0.012424,0.339711,0.032044,0.308648,0.032442
0.08,smooth_dynamics_world_model,7,80,0.09477,0.00443,0.736749,0.012305,0.354566,0.033483,0.322318,0.034566
0.08,smooth_dynamics_world_model,8,80,0.09442,0.004343,0.737723,0.012064,0.324042,0.035874,0.294906,0.035371
0.08,smooth_dynamics_world_model,9,80,0.094169,0.004413,0.73842,0.012258,0.34056,0.030453,0.308729,0.031423
0.08,contact_implicit_mpc,0,80,0.06261,0.002809,0.826084,0.007802,0.405512,0.035687,0.420681,0.036013
0.08,contact_implicit_mpc,1,80,0.062595,0.002821,0.826125,0.007835,0.393008,0.040181,0.408419,0.040022
0.08,contact_implicit_mpc,2,80,0.062886,0.00274,0.825318,0.007611,0.463735,0.034737,0.479258,0.035331
0.08,contact_implicit_mpc,3,80,0.062583,0.002916,0.826158,0.0081,0.405211,0.03666,0.42087,0.037011
0.08,contact_implicit_mpc,4,80,0.062307,0.002903,0.826925,0.008063,0.411584,0.035341,0.427463,0.035563
0.08,contact_implicit_mpc,5,80,0.062796,0.002891,0.825567,0.008029,0.4443,0.042592,0.45969,0.042912
0.08,contact_implicit_mpc,6,80,0.06252,0.002835,0.826332,0.007874,0.421911,0.038349,0.437468,0.038635
0.08,contact_implicit_mpc,7,80,0.062601,0.002865,0.826108,0.007958,0.415511,0.039269,0.431081,0.039581
0.08,contact_implicit_mpc,8,80,0.062625,0.002843,0.826041,0.007896,0.443311,0.036752,0.45869,0.037209
0.08,contact_implicit_mpc,9,80,0.062548,0.002856,0.826257,0.007932,0.41293,0.035687,0.428541,0.03634
0.08,complementarity_residual_planner,0,80,0.059473,0.002653,0.834797,0.007369,0.420744,0.039045,0.443264,0.03889
0.08,complementarity_residual_planner,1,80,0.059948,0.002725,0.833478,0.007569,0.458512,0.041986,0.480475,0.042246
0.08,complementarity_residual_planner,2,80,0.059662,0.00272,0.834272,0.007556,0.438698,0.038853,0.461742,0.039017
0.08,complementarity_residual_planner,3,80,0.059208,0.002719,0.835533,0.007553,0.428396,0.039125,0.451603,0.039845
0.08,complementarity_residual_planner,4,80,0.059693,0.002746,0.834186,0.007627,0.425591,0.035625,0.448856,0.035797
0.08,complementarity_residual_planner,5,80,0.059508,0.002639,0.8347,0.007331,0.451415,0.043156,0.474075,0.043543
0.08,complementarity_residual_planner,6,80,0.059724,0.002678,0.834099,0.007438,0.447919,0.03691,0.470456,0.036786
0.08,complementarity_residual_planner,7,80,0.060012,0.00267,0.833299,0.007417,0.429993,0.040918,0.452753,0.041733
0.08,complementarity_residual_planner,8,80,0.059737,0.002724,0.834063,0.007567,0.427678,0.039336,0.450048,0.039338
0.08,complementarity_residual_planner,9,80,0.059351,0.0027,0.835137,0.007499,0.420977,0.03486,0.444309,0.035118
0.08,robust_hybrid_mpc,0,80,0.051844,0.002254,0.855989,0.006261,0.475905,0.042712,0.507578,0.042742
0.08,robust_hybrid_mpc,1,80,0.051684,0.002311,0.856434,0.006419,0.458044,0.043078,0.4896,0.042882
0.08,robust_hybrid_mpc,2,80,0.051999,0.002278,0.855559,0.006327,0.493753,0.035596,0.525573,0.035696
0.08,robust_hybrid_mpc,3,80,0.051661,0.002309,0.856498,0.006414,0.476185,0.033945,0.507747,0.034047
0.08,robust_hybrid_mpc,4,80,0.051614,0.00236,0.856628,0.006556,0.44182,0.03851,0.473328,0.038227
0.08,robust_hybrid_mpc,5,80,0.052148,0.002233,0.855144,0.006203,0.450239,0.037085,0.481866,0.037625
0.08,robust_hybrid_mpc,6,80,0.051663,0.002254,0.856492,0.006262,0.451512,0.037679,0.483351,0.037799
0.08,robust_hybrid_mpc,7,80,0.051807,0.002238,0.856092,0.006216,0.429965,0.038148,0.461698,0.038227
0.08,robust_hybrid_mpc,8,80,0.051465,0.002265,0.857042,0.006292,0.460534,0.038685,0.492418,0.038984
0.08,robust_hybrid_mpc,9,80,0.051828,0.002208,0.856032,0.006135,0.455621,0.03862,0.486999,0.038702
0.08,learned_contact_classifier,0,80,0.067029,0.003047,0.813808,0.008465,0.444852,0.037834,0.460396,0.038251
0.08,learned_contact_classifier,1,80,0.06661,0.00306,0.814972,0.0085,0.427419,0.038026,0.442927,0.038431
0.08,learned_contact_classifier,2,80,0.067106,0.003028,0.813595,0.008411,0.42403,0.035353,0.43973,0.035655
0.08,learned_contact_classifier,3,80,0.066964,0.003066,0.813989,0.008518,0.416527,0.037883,0.432097,0.037821
0.08,learned_contact_classifier,4,80,0.066401,0.003055,0.815552,0.008486,0.45267,0.037719,0.468616,0.038144
0.08,learned_contact_classifier,5,80,0.066781,0.00305,0.814497,0.008473,0.39431,0.040804,0.409841,0.041257
0.08,learned_contact_classifier,6,80,0.066729,0.003121,0.814643,0.008669,0.43925,0.036804,0.455023,0.037085
0.08,learned_contact_classifier,7,80,0.066353,0.003021,0.815687,0.008392,0.459268,0.039948,0.474809,0.040088
0.08,learned_contact_classifier,8,80,0.066516,0.003086,0.815235,0.008573,0.419963,0.03556,0.435963,0.035973
0.08,learned_contact_classifier,9,80,0.066491,0.003008,0.815302,0.008356,0.397517,0.037899,0.413519,0.038523
0.08,energy_barrier_policy,0,80,0.054071,0.002343,0.849803,0.006507,0.429781,0.042417,0.446054,0.042604
0.08,energy_barrier_policy,1,80,0.053992,0.002341,0.850022,0.006504,0.437777,0.03891,0.454396,0.039183
0.08,energy_barrier_policy,2,80,0.053939,0.002285,0.85017,0.006349,0.411394,0.039457,0.428016,0.039697
0.08,energy_barrier_policy,3,80,0.053972,0.002323,0.850077,0.006453,0.469407,0.040671,0.485985,0.04079
0.08,energy_barrier_policy,4,80,0.05341,0.002306,0.851639,0.006405,0.410625,0.034753,0.427873,0.035189
0.08,energy_barrier_policy,5,80,0.054307,0.00233,0.849146,0.006472,0.417602,0.039647,0.434183,0.040305
0.08,energy_barrier_policy,6,80,0.054471,0.002358,0.848692,0.006549,0.431065,0.039872,0.447793,0.040415
0.08,energy_barrier_policy,7,80,0.054161,0.002196,0.849552,0.006101,0.439591,0.039204,0.455929,0.039369
0.08,energy_barrier_policy,8,80,0.053748,0.002272,0.8507,0.006312,0.428666,0.039056,0.445319,0.039097
0.08,energy_barrier_policy,9,80,0.053926,0.002354,0.850206,0.00654,0.412185,0.039808,0.429104,0.039742
0.08,proposed_contact_mode_boundary_atlas_v4,0,80,0.043325,0.00188,0.879654,0.005222,0.493637,0.037901,0.548411,0.038089
0.08,proposed_contact_mode_boundary_atlas_v4,1,80,0.043599,0.001958,0.878893,0.005438,0.550472,0.038613,0.603199,0.038166
0.08,proposed_contact_mode_boundary_atlas_v4,2,80,0.043709,0.00195,0.878587,0.005417,0.49012,0.037376,0.544281,0.036944
0.08,proposed_contact_mode_boundary_atlas_v4,3,80,0.043362,0.001855,0.87955,0.005153,0.539319,0.036366,0.593173,0.036083
0.08,proposed_contact_mode_boundary_atlas_v4,4,80,0.0436,0.001989,0.878889,0.005524,0.513564,0.038138,0.567366,0.037928
0.08,proposed_contact_mode_boundary_atlas_v4,5,80,0.04343,0.001998,0.879361,0.00555,0.52051,0.043193,0.574283,0.042908
0.08,proposed_contact_mode_boundary_atlas_v4,6,80,0.043607,0.001993,0.878869,0.005536,0.542971,0.03939,0.595658,0.038307
0.08,proposed_contact_mode_boundary_atlas_v4,7,80,0.043324,0.001967,0.879654,0.005463,0.515563,0.040623,0.569911,0.040473
0.08,proposed_contact_mode_boundary_atlas_v4,8,80,0.043842,0.001914,0.878216,0.005316,0.50374,0.042008,0.556734,0.041278
0.08,proposed_contact_mode_boundary_atlas_v4,9,80,0.043763,0.001881,0.878436,0.005224,0.538719,0.044685,0.589797,0.043483
0.08,contact_mode_boundary_audit_v5,0,80,0.025834,0.00097,0.928239,0.002694,0.617152,0.039639,0.701777,0.038157
0.08,contact_mode_boundary_audit_v5,1,80,0.025765,0.001014,0.92843,0.002818,0.63061,0.039636,0.713552,0.037642
0.08,contact_mode_boundary_audit_v5,2,80,0.025889,0.000989,0.928085,0.002746,0.655438,0.03458,0.741061,0.033279
0.08,contact_mode_boundary_audit_v5,3,80,0.026158,0.001098,0.927338,0.003049,0.620114,0.04014,0.702366,0.037661
0.08,contact_mode_boundary_audit_v5,4,80,0.026038,0.000966,0.927672,0.002684,0.633884,0.045252,0.714356,0.042674
0.08,contact_mode_boundary_audit_v5,5,80,0.025556,0.001057,0.929012,0.002937,0.58063,0.040582,0.668474,0.040011
0.08,contact_mode_boundary_audit_v5,6,80,0.02561,0.001023,0.928861,0.002843,0.636466,0.039474,0.718785,0.03711
0.08,contact_mode_boundary_audit_v5,7,80,0.025992,0.001056,0.9278,0.002933,0.585838,0.033392,0.672761,0.032273
0.08,contact_mode_boundary_audit_v5,8,80,0.026104,0.000917,0.927488,0.002549,0.581382,0.037672,0.66834,0.036772
0.08,contact_mode_boundary_audit_v5,9,80,0.026144,0.00103,0.927377,0.002862,0.590815,0.036259,0.676757,0.034961
0.08,oracle_contact_mode_supervisor,0,80,0.025504,0.001107,0.929156,0.003076,0.664334,0.03564,0.749513,0.03314
0.08,oracle_contact_mode_supervisor,1,80,0.024832,0.000991,0.931022,0.002753,0.64769,0.040259,0.731299,0.037232
0.08,oracle_contact_mode_supervisor,2,80,0.0256,0.001084,0.92889,0.003012,0.657966,0.04054,0.741807,0.037866
0.08,oracle_contact_mode_supervisor,3,80,0.024917,0.000867,0.930785,0.002407,0.618678,0.044148,0.705364,0.042148
0.08,oracle_contact_mode_supervisor,4,80,0.025153,0.001035,0.93013,0.002875,0.631761,0.031953,0.722613,0.031033
0.08,oracle_contact_mode_supervisor,5,80,0.02522,0.001041,0.929944,0.002891,0.649215,0.036093,0.733968,0.033197
0.08,oracle_contact_mode_supervisor,6,80,0.0254,0.001052,0.929445,0.002922,0.623859,0.043197,0.706065,0.039747
0.08,oracle_contact_mode_supervisor,7,80,0.025344,0.001038,0.929599,0.002883,0.664519,0.038089,0.748568,0.035411
0.08,oracle_contact_mode_supervisor,8,80,0.025412,0.001057,0.92941,0.002936,0.594462,0.041018,0.683528,0.03953
0.08,oracle_contact_mode_supervisor,9,80,0.025136,0.000955,0.930177,0.002653,0.70716,0.037276,0.78835,0.034073
0.08,oracle_hybrid_contact_supervisor,0,80,0.018448,0.000677,0.948756,0.001881,0.664328,0.042968,0.761537,0.040239
0.08,oracle_hybrid_contact_supervisor,1,80,0.018688,0.00062,0.948089,0.001721,0.65205,0.041861,0.749272,0.038924
0.08,oracle_hybrid_contact_supervisor,2,80,0.018509,0.000689,0.948586,0.001913,0.640479,0.03992,0.738631,0.03697
0.08,oracle_hybrid_contact_supervisor,3,80,0.018324,0.00064,0.9491,0.001777,0.670265,0.040954,0.770039,0.038816
0.08,oracle_hybrid_contact_supervisor,4,80,0.018689,0.000661,0.948087,0.001837,0.68733,0.035742,0.784387,0.032578
0.08,oracle_hybrid_contact_supervisor,5,80,0.018329,0.000669,0.949086,0.001859,0.634604,0.043479,0.734973,0.041393
0.08,oracle_hybrid_contact_supervisor,6,80,0.018397,0.000645,0.948897,0.001791,0.667982,0.033827,0.767365,0.030987
0.08,oracle_hybrid_contact_supervisor,7,80,0.018433,0.000652,0.948798,0.001811,0.689848,0.040705,0.786415,0.037705
0.08,oracle_hybrid_contact_supervisor,8,80,0.018502,0.000669,0.948605,0.001858,0.664016,0.042039,0.762219,0.039535
0.08,oracle_hybrid_contact_supervisor,9,80,0.01806,0.00064,0.949834,0.001777,0.660878,0.044374,0.754669,0.040463
0.12,no_contact_behavior_clone,0,80,0.108348,0.005079,0.729129,0.012697,0.260324,0.03495,0.207467,0.034536
0.12,no_contact_behavior_clone,1,80,0.1086,0.005065,0.7285,0.012662,0.261976,0.038092,0.210291,0.037788
0.12,no_contact_behavior_clone,2,80,0.108421,0.005078,0.728947,0.012694,0.240535,0.031002,0.189597,0.030024
0.12,no_contact_behavior_clone,3,80,0.108647,0.005148,0.728382,0.012871,0.253232,0.035947,0.203844,0.034975
0.12,no_contact_behavior_clone,4,80,0.108702,0.005003,0.728245,0.012508,0.264635,0.038256,0.216056,0.036748
0.12,no_contact_behavior_clone,5,80,0.10876,0.0051,0.7281,0.01275,0.251847,0.031566,0.19876,0.031481
0.12,no_contact_behavior_clone,6,80,0.108604,0.005066,0.728489,0.012664,0.268054,0.032174,0.214268,0.032111
0.12,no_contact_behavior_clone,7,80,0.108682,0.005074,0.728295,0.012685,0.266255,0.029531,0.212321,0.029215
0.12,no_contact_behavior_clone,8,80,0.108533,0.005072,0.728667,0.01268,0.230719,0.030101,0.18078,0.028624
0.12,no_contact_behavior_clone,9,80,0.108581,0.005116,0.728547,0.01279,0.266261,0.029672,0.213234,0.028989
0.12,domain_randomization,0,80,0.093672,0.004444,0.76582,0.011109,0.341041,0.039155,0.307766,0.039401
0.12,domain_randomization,1,80,0.093457,0.004363,0.766357,0.010907,0.314124,0.030473,0.280119,0.03081
0.12,domain_randomization,2,80,0.09418,0.004389,0.764551,0.010972,0.313683,0.034518,0.279927,0.035084
0.12,domain_randomization,3,80,0.093763,0.004356,0.765592,0.010889,0.331949,0.036154,0.299236,0.035905
0.12,domain_randomization,4,80,0.094057,0.004316,0.764858,0.010789,0.332216,0.032623,0.297129,0.033294
0.12,domain_randomization,5,80,0.093986,0.004298,0.765034,0.010745,0.336285,0.03921,0.303877,0.039113
0.12,domain_randomization,6,80,0.093593,0.00439,0.766018,0.010974,0.317499,0.032832,0.285762,0.032317
0.12,domain_randomization,7,80,0.093872,0.004374,0.765321,0.010936,0.345637,0.034439,0.310963,0.035253
0.12,domain_randomization,8,80,0.093861,0.004332,0.765347,0.01083,0.340033,0.033953,0.306509,0.033689
0.12,domain_randomization,9,80,0.094107,0.004283,0.764733,0.010708,0.339891,0.034193,0.30497,0.033828
0.12,diffusion_policy_surrogate,0,80,0.095568,0.004515,0.761081,0.011288,0.36314,0.035894,0.331051,0.036317
0.12,diffusion_policy_surrogate,1,80,0.095978,0.004482,0.760054,0.011206,0.343043,0.034332,0.310631,0.034139
0.12,diffusion_policy_surrogate,2,80,0.095822,0.004433,0.760446,0.011083,0.345424,0.03293,0.312728,0.03341
0.12,diffusion_policy_surrogate,3,80,0.095641,0.004424,0.760898,0.01106,0.329613,0.034364,0.296395,0.035094
0.12,diffusion_policy_surrogate,4,80,0.095584,0.004417,0.76104,0.011042,0.37258,0.035541,0.341269,0.035332
0.12,diffusion_policy_surrogate,5,80,0.095911,0.004439,0.760222,0.011098,0.345267,0.029408,0.312425,0.030036
0.12,diffusion_policy_surrogate,6,80,0.095964,0.004491,0.76009,0.011228,0.355462,0.030826,0.322021,0.031416
0.12,diffusion_policy_surrogate,7,80,0.096028,0.004577,0.759931,0.011442,0.352826,0.037706,0.320858,0.037761
0.12,diffusion_policy_surrogate,8,80,0.095819,0.004348,0.760454,0.01087,0.335833,0.035593,0.303292,0.036028
0.12,diffusion_policy_surrogate,9,80,0.095567,0.00442,0.761082,0.011049,0.349003,0.037209,0.317338,0.037717
0.12,robotics_transformer_surrogate,0,80,0.09058,0.004181,0.773551,0.010452,0.381331,0.035281,0.355489,0.035566
0.12,robotics_transformer_surrogate,1,80,0.090912,0.004156,0.772721,0.01039,0.345847,0.038051,0.319916,0.038433
0.12,robotics_transformer_surrogate,2,80,0.09047,0.004179,0.773824,0.010449,0.398744,0.039372,0.372566,0.040073
0.12,robotics_transformer_surrogate,3,80,0.090749,0.004223,0.773127,0.010558,0.359299,0.036002,0.333447,0.036571
0.12,robotics_transformer_surrogate,4,80,0.090665,0.004161,0.773338,0.010403,0.364953,0.041923,0.339057,0.042556
0.12,robotics_transformer_surrogate,5,80,0.090776,0.004106,0.773061,0.010265,0.372252,0.040575,0.346837,0.04119
0.12,robotics_transformer_surrogate,6,80,0.090731,0.004177,0.773172,0.010443,0.338382,0.03256,0.312004,0.033455
0.12,robotics_transformer_surrogate,7,80,0.090684,0.004249,0.773289,0.010624,0.33645,0.035548,0.310722,0.035893
0.12,robotics_transformer_surrogate,8,80,0.09063,0.004191,0.773426,0.010476,0.387816,0.034922,0.362166,0.034854
0.12,robotics_transformer_surrogate,9,80,0.091084,0.00414,0.772289,0.010351,0.386431,0.036729,0.3602,0.03736
0.12,ensemble_disagreement_planner,0,80,0.06667,0.003005,0.833324,0.007513,0.439312,0.034109,0.445391,0.034455
0.12,ensemble_disagreement_planner,1,80,0.066538,0.003141,0.833654,0.007853,0.438865,0.033442,0.444616,0.034024
0.12,ensemble_disagreement_planner,2,80,0.067166,0.003036,0.832084,0.007591,0.40686,0.039473,0.413068,0.039978
0.12,ensemble_disagreement_planner,3,80,0.066836,0.003201,0.832909,0.008002,0.412233,0.041002,0.417857,0.041398
0.12,ensemble_disagreement_planner,4,80,0.066614,0.003092,0.833465,0.00773,0.431313,0.0396,0.437199,0.040054
0.12,ensemble_disagreement_planner,5,80,0.066623,0.003106,0.833442,0.007765,0.435892,0.035827,0.441839,0.036109
0.12,ensemble_disagreement_planner,6,80,0.066855,0.003192,0.832864,0.00798,0.425306,0.034731,0.431386,0.035116
0.12,ensemble_disagreement_planner,7,80,0.066635,0.003059,0.833411,0.007647,0.381953,0.039003,0.387948,0.039226
0.12,ensemble_disagreement_planner,8,80,0.066737,0.003124,0.833158,0.00781,0.423593,0.040513,0.429632,0.040669
0.12,ensemble_disagreement_planner,9,80,0.066833,0.003128,0.832917,0.007819,0.42663,0.034376,0.432629,0.034581
0.12,conformal_risk_filter,0,80,0.060836,0.002891,0.84791,0.007227,0.437938,0.034543,0.446298,0.034773
0.12,conformal_risk_filter,1,80,0.060383,0.002824,0.849042,0.007061,0.403601,0.030881,0.412158,0.031375
0.12,conformal_risk_filter,2,80,0.060784,0.00288,0.848039,0.007201,0.457705,0.041546,0.465818,0.042221
0.12,conformal_risk_filter,3,80,0.060988,0.002866,0.84753,0.007165,0.421517,0.038947,0.429584,0.039436
0.12,conformal_risk_filter,4,80,0.061164,0.002899,0.847089,0.007247,0.391101,0.039326,0.399429,0.039915
0.12,conformal_risk_filter,5,80,0.06071,0.002813,0.848224,0.007033,0.426481,0.03608,0.435125,0.03634
0.12,conformal_risk_filter,6,80,0.060883,0.002831,0.847792,0.007076,0.4169,0.036653,0.425158,0.036877
0.12,conformal_risk_filter,7,80,0.061178,0.002755,0.847054,0.006888,0.429409,0.043394,0.437402,0.043655
0.12,conformal_risk_filter,8,80,0.060755,0.002855,0.848113,0.007138,0.440486,0.039574,0.448897,0.040028
0.12,conformal_risk_filter,9,80,0.060826,0.002898,0.847936,0.007245,0.415203,0.038034,0.423662,0.03834
0.12,smooth_dynamics_world_model,0,80,0.094308,0.004342,0.76423,0.010855,0.337888,0.036148,0.306155,0.036472
0.12,smooth_dynamics_world_model,1,80,0.094257,0.004398,0.764358,0.010995,0.337321,0.042895,0.305921,0.043095
0.12,smooth_dynamics_world_model,2,80,0.09503,0.00451,0.762426,0.011274,0.328251,0.031907,0.295971,0.032212
0.12,smooth_dynamics_world_model,3,80,0.094759,0.004406,0.763102,0.011014,0.325741,0.032594,0.293324,0.033009
0.12,smooth_dynamics_world_model,4,80,0.094284,0.004421,0.764289,0.011051,0.356945,0.038266,0.324679,0.038986
0.12,smooth_dynamics_world_model,5,80,0.094604,0.004372,0.76349,0.01093,0.361681,0.034829,0.328661,0.03527
0.12,smooth_dynamics_world_model,6,80,0.094671,0.004473,0.763323,0.011182,0.351574,0.032984,0.319385,0.033355
0.12,smooth_dynamics_world_model,7,80,0.09477,0.00443,0.763074,0.011074,0.366817,0.034161,0.333399,0.035253
0.12,smooth_dynamics_world_model,8,80,0.09442,0.004343,0.763951,0.010857,0.335387,0.037033,0.305202,0.036464
0.12,smooth_dynamics_world_model,9,80,0.094169,0.004413,0.764578,0.011032,0.352337,0.031203,0.319353,0.032166
0.12,contact_implicit_mpc,0,80,0.06261,0.002809,0.843475,0.007021,0.413919,0.036297,0.429159,0.036606
0.12,contact_implicit_mpc,1,80,0.062595,0.002821,0.843513,0.007052,0.401415,0.041032,0.416902,0.040855
0.12,contact_implicit_mpc,2,80,0.062886,0.00274,0.842786,0.00685,0.473403,0.035345,0.489005,0.035915
0.12,contact_implicit_mpc,3,80,0.062583,0.002916,0.843542,0.00729,0.413649,0.037372,0.429384,0.037704
0.12,contact_implicit_mpc,4,80,0.062307,0.002903,0.844232,0.007257,0.420217,0.036029,0.436174,0.036228
0.12,contact_implicit_mpc,5,80,0.062796,0.002891,0.84301,0.007226,0.45362,0.043376,0.46908,0.043679
0.12,contact_implicit_mpc,6,80,0.06252,0.002835,0.843699,0.007087,0.430761,0.03911,0.446394,0.039372
0.12,contact_implicit_mpc,7,80,0.062601,0.002865,0.843497,0.007162,0.424168,0.040021,0.439817,0.040315
0.12,contact_implicit_mpc,8,80,0.062625,0.002843,0.843437,0.007106,0.452522,0.037422,0.467974,0.037857
0.12,contact_implicit_mpc,9,80,0.062548,0.002856,0.843631,0.007139,0.421429,0.036306,0.437117,0.036947
0.12,complementarity_residual_planner,0,80,0.059473,0.002653,0.851317,0.006632,0.429086,0.039765,0.451786,0.039586
0.12,complementarity_residual_planner,1,80,0.059948,0.002725,0.850131,0.006812,0.467452,0.042588,0.48959,0.042829
0.12,complementarity_residual_planner,2,80,0.059662,0.00272,0.850845,0.0068,0.447329,0.039526,0.470558,0.039669
0.12,complementarity_residual_planner,3,80,0.059208,0.002719,0.85198,0.006798,0.436598,0.0397,0.459992,0.040401
0.12,complementarity_residual_planner,4,80,0.059693,0.002746,0.850767,0.006864,0.434073,0.036283,0.457527,0.036433
0.12,complementarity_residual_planner,5,80,0.059508,0.002639,0.85123,0.006598,0.460232,0.043925,0.483073,0.044294
0.12,complementarity_residual_planner,6,80,0.059724,0.002678,0.850689,0.006695,0.456877,0.03762,0.479593,0.03747
0.12,complementarity_residual_planner,7,80,0.060012,0.00267,0.849969,0.006675,0.438244,0.041517,0.461189,0.04232
0.12,complementarity_residual_planner,8,80,0.059737,0.002724,0.850656,0.006811,0.436161,0.040021,0.458709,0.040003
0.12,complementarity_residual_planner,9,80,0.059351,0.0027,0.851624,0.006749,0.429296,0.035541,0.452818,0.035778
0.12,robust_hybrid_mpc,0,80,0.051844,0.002254,0.87039,0.005635,0.483939,0.043422,0.515889,0.043436
0.12,robust_hybrid_mpc,1,80,0.051684,0.002311,0.870791,0.005777,0.465781,0.043777,0.497609,0.04356
0.12,robust_hybrid_mpc,2,80,0.051999,0.002278,0.870003,0.005694,0.502086,0.036162,0.534186,0.036237
0.12,robust_hybrid_mpc,3,80,0.051661,0.002309,0.870848,0.005772,0.484192,0.03451,0.516027,0.03459
0.12,robust_hybrid_mpc,4,80,0.051614,0.00236,0.870966,0.0059,0.449304,0.039203,0.481083,0.038895
0.12,robust_hybrid_mpc,5,80,0.052148,0.002233,0.869629,0.005583,0.457715,0.037635,0.489622,0.038162
0.12,robust_hybrid_mpc,6,80,0.051663,0.002254,0.870843,0.005635,0.45907,0.038261,0.491186,0.038363
0.12,robust_hybrid_mpc,7,80,0.051807,0.002238,0.870483,0.005595,0.437176,0.038724,0.469188,0.038784
0.12,robust_hybrid_mpc,8,80,0.051465,0.002265,0.871338,0.005663,0.468022,0.039174,0.500185,0.039458
0.12,robust_hybrid_mpc,9,80,0.051828,0.002208,0.870429,0.005521,0.463184,0.039171,0.494833,0.039233
0.12,learned_contact_classifier,0,80,0.067029,0.003047,0.832427,0.007618,0.45495,0.038622,0.470575,0.039008
0.12,learned_contact_classifier,1,80,0.06661,0.00306,0.833475,0.00765,0.436969,0.038756,0.452557,0.039139
0.12,learned_contact_classifier,2,80,0.067106,0.003028,0.832236,0.00757,0.43371,0.036112,0.449495,0.036388
0.12,learned_contact_classifier,3,80,0.066964,0.003066,0.83259,0.007666,0.426124,0.038743,0.441779,0.038657
0.12,learned_contact_classifier,4,80,0.066401,0.003055,0.833997,0.007637,0.46282,0.038481,0.478852,0.038882
0.12,learned_contact_classifier,5,80,0.066781,0.00305,0.833047,0.007625,0.403212,0.041682,0.418824,0.042116
0.12,learned_contact_classifier,6,80,0.066729,0.003121,0.833179,0.007802,0.449284,0.037562,0.465138,0.037814
0.12,learned_contact_classifier,7,80,0.066353,0.003021,0.834118,0.007553,0.469591,0.040723,0.485214,0.040839
0.12,learned_contact_classifier,8,80,0.066516,0.003086,0.833711,0.007715,0.429425,0.036286,0.445511,0.03667
0.12,learned_contact_classifier,9,80,0.066491,0.003008,0.833772,0.007521,0.406307,0.038624,0.422398,0.039225
0.12,energy_barrier_policy,0,80,0.054071,0.002343,0.864823,0.005857,0.43722,0.043053,0.45358,0.043228
0.12,energy_barrier_policy,1,80,0.053992,0.002341,0.86502,0.005853,0.445457,0.03955,0.462165,0.039808
0.12,energy_barrier_policy,2,80,0.053939,0.002285,0.865153,0.005714,0.418588,0.04006,0.435298,0.040288
0.12,energy_barrier_policy,3,80,0.053972,0.002323,0.865069,0.005808,0.477674,0.041325,0.49434,0.041424
0.12,energy_barrier_policy,4,80,0.05341,0.002306,0.866475,0.005765,0.417688,0.035289,0.435031,0.035714
0.12,energy_barrier_policy,5,80,0.054307,0.00233,0.864231,0.005824,0.4248,0.040178,0.441468,0.040825
0.12,energy_barrier_policy,6,80,0.054471,0.002358,0.863823,0.005895,0.438583,0.040457,0.455403,0.040983
0.12,energy_barrier_policy,7,80,0.054161,0.002196,0.864597,0.005491,0.447298,0.039792,0.463725,0.039945
0.12,energy_barrier_policy,8,80,0.053748,0.002272,0.86563,0.00568,0.436216,0.039746,0.452958,0.03977
0.12,energy_barrier_policy,9,80,0.053926,0.002354,0.865186,0.005886,0.419508,0.040506,0.436521,0.040425
0.12,proposed_contact_mode_boundary_atlas_v4,0,80,0.043325,0.00188,0.891689,0.0047,0.500315,0.038338,0.555559,0.038507
0.12,proposed_contact_mode_boundary_atlas_v4,1,80,0.043599,0.001958,0.891004,0.004894,0.557925,0.039024,0.611101,0.038549
0.12,proposed_contact_mode_boundary_atlas_v4,2,80,0.043709,0.00195,0.890729,0.004875,0.496941,0.0379,0.551568,0.037445
0.12,proposed_contact_mode_boundary_atlas_v4,3,80,0.043362,0.001855,0.891595,0.004638,0.546637,0.036772,0.600951,0.036468
0.12,proposed_contact_mode_boundary_atlas_v4,4,80,0.0436,0.001989,0.891,0.004972,0.520541,0.038537,0.574805,0.0383
0.12,proposed_contact_mode_boundary_atlas_v4,5,80,0.04343,0.001998,0.891425,0.004995,0.527626,0.043753,0.581854,0.043443
0.12,proposed_contact_mode_boundary_atlas_v4,6,80,0.043607,0.001993,0.890982,0.004982,0.550549,0.039909,0.603683,0.038805
0.12,proposed_contact_mode_boundary_atlas_v4,7,80,0.043324,0.001967,0.891689,0.004917,0.522549,0.04112,0.577364,0.040954
0.12,proposed_contact_mode_boundary_atlas_v4,8,80,0.043842,0.001914,0.890394,0.004785,0.510658,0.04251,0.564107,0.041756
0.12,proposed_contact_mode_boundary_atlas_v4,9,80,0.043763,0.001881,0.890592,0.004702,0.546097,0.045195,0.597611,0.043971
0.12,contact_mode_boundary_audit_v5,0,80,0.025834,0.00097,0.935415,0.002425,0.621895,0.039921,0.706967,0.038418
0.12,contact_mode_boundary_audit_v5,1,80,0.025765,0.001014,0.935587,0.002536,0.635466,0.039929,0.718839,0.037911
0.12,contact_mode_boundary_audit_v5,2,80,0.025889,0.000989,0.935277,0.002472,0.660519,0.034849,0.746595,0.033527
0.12,contact_mode_boundary_audit_v5,3,80,0.026158,0.001098,0.934604,0.002744,0.624977,0.040449,0.707665,0.037947
0.12,contact_mode_boundary_audit_v5,4,80,0.026038,0.000966,0.934905,0.002416,0.638829,0.045572,0.719724,0.042974
0.12,contact_mode_boundary_audit_v5,5,80,0.025556,0.001057,0.936111,0.002643,0.585067,0.040888,0.673376,0.040307
0.12,contact_mode_boundary_audit_v5,6,80,0.02561,0.001023,0.935975,0.002558,0.641361,0.039792,0.724104,0.037407
0.12,contact_mode_boundary_audit_v5,7,80,0.025992,0.001056,0.93502,0.00264,0.590379,0.033615,0.677774,0.032487
0.12,contact_mode_boundary_audit_v5,8,80,0.026104,0.000917,0.93474,0.002294,0.585952,0.037979,0.673377,0.037065
0.12,contact_mode_boundary_audit_v5,9,80,0.026144,0.00103,0.934639,0.002576,0.595483,0.036561,0.681885,0.035247
0.12,oracle_contact_mode_supervisor,0,80,0.025504,0.001107,0.936241,0.002769,0.669359,0.035843,0.754988,0.033323
0.12,oracle_contact_mode_supervisor,1,80,0.024832,0.000991,0.93792,0.002478,0.652504,0.040568,0.736523,0.037506
0.12,oracle_contact_mode_supervisor,2,80,0.0256,0.001084,0.936001,0.002711,0.663003,0.040848,0.747275,0.038148
0.12,oracle_contact_mode_supervisor,3,80,0.024917,0.000867,0.937707,0.002166,0.623269,0.044469,0.710395,0.042448
0.12,oracle_contact_mode_supervisor,4,80,0.025153,0.001035,0.937117,0.002587,0.636502,0.032179,0.727829,0.031242
0.12,oracle_contact_mode_supervisor,5,80,0.02522,0.001041,0.93695,0.002602,0.654085,0.036336,0.739276,0.033416
0.12,oracle_contact_mode_supervisor,6,80,0.0254,0.001052,0.936501,0.002629,0.628557,0.043484,0.711182,0.040002
0.12,oracle_contact_mode_supervisor,7,80,0.025344,0.001038,0.936639,0.002595,0.669526,0.038351,0.754002,0.035641
0.12,oracle_contact_mode_supervisor,8,80,0.025412,0.001057,0.936469,0.002642,0.598974,0.041316,0.688509,0.039811
0.12,oracle_contact_mode_supervisor,9,80,0.025136,0.000955,0.937159,0.002388,0.712486,0.037563,0.794074,0.034324
0.12,oracle_hybrid_contact_supervisor,0,80,0.018448,0.000677,0.95388,0.001693,0.667895,0.043185,0.765467,0.040436
0.12,oracle_hybrid_contact_supervisor,1,80,0.018688,0.00062,0.95328,0.001549,0.655595,0.042075,0.753185,0.039115
0.12,oracle_hybrid_contact_supervisor,2,80,0.018509,0.000689,0.953727,0.001721,0.643931,0.040112,0.742435,0.037134
0.12,oracle_hybrid_contact_supervisor,3,80,0.018324,0.00064,0.95419,0.001599,0.673864,0.041176,0.774005,0.039016
0.12,oracle_hybrid_contact_supervisor,4,80,0.018689,0.000661,0.953278,0.001654,0.691097,0.035936,0.788499,0.032748
0.12,oracle_hybrid_contact_supervisor,5,80,0.018329,0.000669,0.954178,0.001673,0.638018,0.043723,0.738761,0.04162
0.12,oracle_hybrid_contact_supervisor,6,80,0.018397,0.000645,0.954007,0.001612,0.6716,0.034023,0.771356,0.031166
0.12,oracle_hybrid_contact_supervisor,7,80,0.018433,0.000652,0.953918,0.00163,0.693571,0.040912,0.790462,0.037888
0.12,oracle_hybrid_contact_supervisor,8,80,0.018502,0.000669,0.953745,0.001672,0.667614,0.042274,0.766185,0.039753
0.12,oracle_hybrid_contact_supervisor,9,80,0.01806,0.00064,0.954851,0.001599,0.664373,0.044612,0.758497,0.040674
0.16,no_contact_behavior_clone,0,80,0.108348,0.005079,0.753754,0.011543,0.268855,0.035871,0.214372,0.035431
0.16,no_contact_behavior_clone,1,80,0.1086,0.005065,0.753182,0.011511,0.270357,0.039037,0.217096,0.038702
0.16,no_contact_behavior_clone,2,80,0.108421,0.005078,0.753589,0.01154,0.248403,0.031898,0.195915,0.03087
0.16,no_contact_behavior_clone,3,80,0.108647,0.005148,0.753074,0.011701,0.261272,0.036785,0.210402,0.035757
0.16,no_contact_behavior_clone,4,80,0.108702,0.005003,0.75295,0.011371,0.273153,0.039286,0.223112,0.037709
0.16,no_contact_behavior_clone,5,80,0.10876,0.0051,0.752818,0.011591,0.260013,0.032379,0.205313,0.03227
0.16,no_contact_behavior_clone,6,80,0.108604,0.005066,0.753172,0.011513,0.27683,0.032983,0.221382,0.032908
0.16,no_contact_behavior_clone,7,80,0.108682,0.005074,0.752995,0.011531,0.275194,0.030423,0.21961,0.030064
0.16,no_contact_behavior_clone,8,80,0.108533,0.005072,0.753334,0.011528,0.238343,0.031024,0.186899,0.029472
0.16,no_contact_behavior_clone,9,80,0.108581,0.005116,0.753225,0.011627,0.275199,0.030594,0.220562,0.029859
0.16,domain_randomization,0,80,0.093672,0.004444,0.787109,0.010099,0.350189,0.039973,0.31598,0.040196
0.16,domain_randomization,1,80,0.093457,0.004363,0.787597,0.009916,0.322688,0.031164,0.28773,0.03148
0.16,domain_randomization,2,80,0.09418,0.004389,0.785955,0.009974,0.322098,0.03514,0.287388,0.035694
0.16,domain_randomization,3,80,0.093763,0.004356,0.786902,0.009899,0.340977,0.036981,0.307349,0.036699
0.16,domain_randomization,4,80,0.094057,0.004316,0.786234,0.009808,0.341408,0.033333,0.305335,0.033992
0.16,domain_randomization,5,80,0.093986,0.004298,0.786395,0.009768,0.345297,0.040039,0.311986,0.03991
0.16,domain_randomization,6,80,0.093593,0.00439,0.787289,0.009977,0.326135,0.033573,0.293511,0.033003
0.16,domain_randomization,7,80,0.093872,0.004374,0.786655,0.009941,0.354935,0.035171,0.319288,0.035988
0.16,domain_randomization,8,80,0.093861,0.004332,0.786679,0.009846,0.349462,0.034796,0.314998,0.034477
0.16,domain_randomization,9,80,0.094107,0.004283,0.786121,0.009735,0.349712,0.035229,0.313806,0.03482
0.16,diffusion_policy_surrogate,0,80,0.095568,0.004515,0.782801,0.010262,0.373309,0.036709,0.340277,0.037109
0.16,diffusion_policy_surrogate,1,80,0.095978,0.004482,0.781868,0.010187,0.352956,0.035272,0.319585,0.035045
0.16,diffusion_policy_surrogate,2,80,0.095822,0.004433,0.782224,0.010075,0.355121,0.033668,0.321465,0.03413
0.16,diffusion_policy_surrogate,3,80,0.095641,0.004424,0.782635,0.010055,0.338853,0.035174,0.304661,0.035896
0.16,diffusion_policy_surrogate,4,80,0.095584,0.004417,0.782764,0.010038,0.383027,0.036345,0.350802,0.036091
0.16,diffusion_policy_surrogate,5,80,0.095911,0.004439,0.78202,0.010089,0.354977,0.030119,0.32117,0.030736
0.16,diffusion_policy_surrogate,6,80,0.095964,0.004491,0.7819,0.010207,0.365572,0.031532,0.331146,0.032103
0.16,diffusion_policy_surrogate,7,80,0.096028,0.004577,0.781755,0.010402,0.362796,0.038558,0.329881,0.038587
0.16,diffusion_policy_surrogate,8,80,0.095819,0.004348,0.78223,0.009882,0.345265,0.036418,0.311774,0.036837
0.16,diffusion_policy_surrogate,9,80,0.095567,0.00442,0.782802,0.010045,0.358563,0.037977,0.325972,0.038475
0.16,robotics_transformer_surrogate,0,80,0.09058,0.004181,0.794137,0.009501,0.391361,0.036084,0.364766,0.036343
0.16,robotics_transformer_surrogate,1,80,0.090912,0.004156,0.793382,0.009446,0.354937,0.038877,0.328248,0.039249
0.16,robotics_transformer_surrogate,2,80,0.09047,0.004179,0.794385,0.009499,0.409086,0.040226,0.382148,0.040919
0.16,robotics_transformer_surrogate,3,80,0.090749,0.004223,0.793752,0.009599,0.368681,0.036778,0.342071,0.037332
0.16,robotics_transformer_surrogate,4,80,0.090665,0.004161,0.793943,0.009457,0.374389,0.04277,0.347736,0.043394
0.16,robotics_transformer_surrogate,5,80,0.090776,0.004106,0.793692,0.009332,0.381782,0.041386,0.355627,0.041992
0.16,robotics_transformer_surrogate,6,80,0.090731,0.004177,0.793793,0.009493,0.347203,0.033194,0.320057,0.03408
0.16,robotics_transformer_surrogate,7,80,0.090684,0.004249,0.793899,0.009658,0.345257,0.036351,0.318778,0.036669
0.16,robotics_transformer_surrogate,8,80,0.09063,0.004191,0.794024,0.009524,0.398204,0.035847,0.371805,0.035738
0.16,robotics_transformer_surrogate,9,80,0.091084,0.00414,0.79299,0.00941,0.396566,0.037524,0.369568,0.038146
0.16,ensemble_disagreement_planner,0,80,0.06667,0.003005,0.848476,0.00683,0.447291,0.034661,0.453311,0.034988
0.16,ensemble_disagreement_planner,1,80,0.066538,0.003141,0.848777,0.007139,0.446695,0.033881,0.452381,0.034444
0.16,ensemble_disagreement_planner,2,80,0.067166,0.003036,0.847349,0.0069,0.414191,0.040112,0.420342,0.040598
0.16,ensemble_disagreement_planner,3,80,0.066836,0.003201,0.848099,0.007274,0.419643,0.041584,0.4252,0.041959
0.16,ensemble_disagreement_planner,4,80,0.066614,0.003092,0.848605,0.007027,0.439072,0.040258,0.444895,0.040697
0.16,ensemble_disagreement_planner,5,80,0.066623,0.003106,0.848584,0.00706,0.443803,0.036458,0.449687,0.03672
0.16,ensemble_disagreement_planner,6,80,0.066855,0.003192,0.848058,0.007254,0.433043,0.035336,0.439062,0.035702
0.16,ensemble_disagreement_planner,7,80,0.066635,0.003059,0.848556,0.006952,0.388897,0.039681,0.39483,0.039885
0.16,ensemble_disagreement_planner,8,80,0.066737,0.003124,0.848326,0.0071,0.431297,0.04123,0.437274,0.04137
0.16,ensemble_disagreement_planner,9,80,0.066833,0.003128,0.848106,0.007108,0.434437,0.034952,0.440373,0.03513
0.16,conformal_risk_filter,0,80,0.060836,0.002891,0.861736,0.00657,0.445095,0.035062,0.453438,0.035268
0.16,conformal_risk_filter,1,80,0.060383,0.002824,0.862765,0.006419,0.410092,0.031311,0.418635,0.031783
0.16,conformal_risk_filter,2,80,0.060784,0.00288,0.861854,0.006546,0.464959,0.042038,0.473055,0.042702
0.16,conformal_risk_filter,3,80,0.060988,0.002866,0.861391,0.006514,0.428273,0.039443,0.436321,0.039917
0.16,conformal_risk_filter,4,80,0.061164,0.002899,0.86099,0.006588,0.397402,0.039903,0.405714,0.040477
0.16,conformal_risk_filter,5,80,0.06071,0.002813,0.862022,0.006393,0.433354,0.036608,0.441989,0.036849
0.16,conformal_risk_filter,6,80,0.060883,0.002831,0.861629,0.006433,0.423697,0.037182,0.431937,0.037386
0.16,conformal_risk_filter,7,80,0.061178,0.002755,0.860958,0.006262,0.436394,0.044021,0.444371,0.044271
0.16,conformal_risk_filter,8,80,0.060755,0.002855,0.861921,0.006489,0.447601,0.040154,0.455997,0.040596
0.16,conformal_risk_filter,9,80,0.060826,0.002898,0.86176,0.006586,0.421964,0.038627,0.430408,0.038916
0.16,smooth_dynamics_world_model,0,80,0.094308,0.004342,0.785663,0.009868,0.347133,0.036956,0.314492,0.03726
0.16,smooth_dynamics_world_model,1,80,0.094257,0.004398,0.78578,0.009995,0.346428,0.043896,0.314136,0.044076
0.16,smooth_dynamics_world_model,2,80,0.09503,0.00451,0.784024,0.010249,0.337425,0.03273,0.304213,0.033011
0.16,smooth_dynamics_world_model,3,80,0.094759,0.004406,0.784638,0.010013,0.334765,0.033354,0.301418,0.033747
0.16,smooth_dynamics_world_model,4,80,0.094284,0.004421,0.785718,0.010047,0.366541,0.039065,0.333356,0.039779
0.16,smooth_dynamics_world_model,5,80,0.094604,0.004372,0.78499,0.009936,0.371794,0.035611,0.337829,0.036024
0.16,smooth_dynamics_world_model,6,80,0.094671,0.004473,0.784839,0.010165,0.361279,0.033766,0.32817,0.034114
0.16,smooth_dynamics_world_model,7,80,0.09477,0.00443,0.784613,0.010067,0.376842,0.03473,0.342465,0.035827
0.16,smooth_dynamics_world_model,8,80,0.09442,0.004343,0.78541,0.00987,0.34467,0.037994,0.313626,0.03737
0.16,smooth_dynamics_world_model,9,80,0.094169,0.004413,0.78598,0.010029,0.361973,0.031833,0.328045,0.032788
0.16,contact_implicit_mpc,0,80,0.06261,0.002809,0.857705,0.006383,0.420798,0.036801,0.436095,0.037097
0.16,contact_implicit_mpc,1,80,0.062595,0.002821,0.857739,0.006411,0.408294,0.041733,0.423842,0.04154
0.16,contact_implicit_mpc,2,80,0.062886,0.00274,0.857078,0.006228,0.481313,0.03585,0.49698,0.0364
0.16,contact_implicit_mpc,3,80,0.062583,0.002916,0.857766,0.006627,0.420552,0.037959,0.43635,0.038275
0.16,contact_implicit_mpc,4,80,0.062307,0.002903,0.858393,0.006597,0.427281,0.036598,0.443301,0.036777
0.16,contact_implicit_mpc,5,80,0.062796,0.002891,0.857282,0.00657,0.461245,0.044021,0.476763,0.044312
0.16,contact_implicit_mpc,6,80,0.06252,0.002835,0.857908,0.006443,0.438003,0.039738,0.453698,0.039981
0.16,contact_implicit_mpc,7,80,0.062601,0.002865,0.857725,0.006511,0.431251,0.040641,0.446964,0.04092
0.16,contact_implicit_mpc,8,80,0.062625,0.002843,0.85767,0.00646,0.460058,0.037976,0.475571,0.038393
0.16,contact_implicit_mpc,9,80,0.062548,0.002856,0.857846,0.00649,0.428382,0.036817,0.444134,0.037449
0.16,complementarity_residual_planner,0,80,0.059473,0.002653,0.864834,0.006029,0.435912,0.040358,0.458758,0.04016
0.16,complementarity_residual_planner,1,80,0.059948,0.002725,0.863755,0.006193,0.474767,0.043087,0.497048,0.043313
0.16,complementarity_residual_planner,2,80,0.059662,0.00272,0.864404,0.006182,0.45439,0.040081,0.477772,0.040207
0.16,complementarity_residual_planner,3,80,0.059208,0.002719,0.865436,0.00618,0.443309,0.040175,0.466855,0.040861
0.16,complementarity_residual_planner,4,80,0.059693,0.002746,0.864334,0.00624,0.441014,0.036826,0.464622,0.036958
0.16,complementarity_residual_planner,5,80,0.059508,0.002639,0.864754,0.005998,0.467445,0.044559,0.490435,0.044913
0.16,complementarity_residual_planner,6,80,0.059724,0.002678,0.864263,0.006086,0.464207,0.038206,0.487068,0.038035
0.16,complementarity_residual_planner,7,80,0.060012,0.00267,0.863609,0.006068,0.444994,0.042012,0.46809,0.042804
0.16,complementarity_residual_planner,8,80,0.059737,0.002724,0.864233,0.006191,0.443101,0.040585,0.465794,0.040552
0.16,complementarity_residual_planner,9,80,0.059351,0.0027,0.865112,0.006135,0.436103,0.036102,0.45978,0.036323
0.16,robust_hybrid_mpc,0,80,0.051844,0.002254,0.882173,0.005122,0.490513,0.044007,0.522689,0.044008
0.16,robust_hybrid_mpc,1,80,0.051684,0.002311,0.882537,0.005252,0.472112,0.044352,0.504162,0.044119
0.16,robust_hybrid_mpc,2,80,0.051999,0.002278,0.881821,0.005177,0.508904,0.036629,0.541232,0.036685
0.16,robust_hybrid_mpc,3,80,0.051661,0.002309,0.882589,0.005248,0.490743,0.034977,0.522803,0.035038
0.16,robust_hybrid_mpc,4,80,0.051614,0.00236,0.882696,0.005364,0.455428,0.039773,0.487427,0.039445
0.16,robust_hybrid_mpc,5,80,0.052148,0.002233,0.881481,0.005075,0.463832,0.038088,0.495969,0.038605
0.16,robust_hybrid_mpc,6,80,0.051663,0.002254,0.882584,0.005123,0.465253,0.038739,0.497596,0.038828
0.16,robust_hybrid_mpc,7,80,0.051807,0.002238,0.882257,0.005086,0.443077,0.039199,0.475316,0.039244
0.16,robust_hybrid_mpc,8,80,0.051465,0.002265,0.883034,0.005148,0.474149,0.039578,0.50654,0.039849
0.16,robust_hybrid_mpc,9,80,0.051828,0.002208,0.882208,0.005019,0.469372,0.039625,0.501244,0.03967
0.16,learned_contact_classifier,0,80,0.067029,0.003047,0.847661,0.006926,0.463212,0.039275,0.478904,0.039635
0.16,learned_contact_classifier,1,80,0.06661,0.00306,0.848614,0.006954,0.444782,0.03936,0.460436,0.039726
0.16,learned_contact_classifier,2,80,0.067106,0.003028,0.847487,0.006881,0.44163,0.036739,0.457486,0.036993
0.16,learned_contact_classifier,3,80,0.066964,0.003066,0.847809,0.006969,0.433977,0.039453,0.449701,0.039347
0.16,learned_contact_classifier,4,80,0.066401,0.003055,0.849088,0.006943,0.471124,0.039112,0.487227,0.039493
0.16,learned_contact_classifier,5,80,0.066781,0.00305,0.848225,0.006932,0.410496,0.042406,0.426173,0.042825
0.16,learned_contact_classifier,6,80,0.066729,0.003121,0.848344,0.007093,0.457493,0.038189,0.473414,0.038418
0.16,learned_contact_classifier,7,80,0.066353,0.003021,0.849199,0.006866,0.478037,0.041365,0.493727,0.041461
0.16,learned_contact_classifier,8,80,0.066516,0.003086,0.848828,0.007014,0.437167,0.036887,0.453324,0.037248
0.16,learned_contact_classifier,9,80,0.066491,0.003008,0.848884,0.006837,0.413499,0.039223,0.429662,0.039806
0.16,energy_barrier_policy,0,80,0.054071,0.002343,0.877112,0.005324,0.443306,0.043576,0.459738,0.043743
0.16,energy_barrier_policy,1,80,0.053992,0.002341,0.877291,0.005321,0.451741,0.040076,0.468521,0.040323
0.16,energy_barrier_policy,2,80,0.053939,0.002285,0.877412,0.005194,0.424474,0.040556,0.441255,0.040774
0.16,energy_barrier_policy,3,80,0.053972,0.002323,0.877336,0.00528,0.484439,0.041864,0.501176,0.041946
0.16,energy_barrier_policy,4,80,0.05341,0.002306,0.878614,0.005241,0.423466,0.035731,0.440888,0.036147
0.16,energy_barrier_policy,5,80,0.054307,0.00233,0.876574,0.005295,0.430689,0.040616,0.44743,0.041254
0.16,energy_barrier_policy,6,80,0.054471,0.002358,0.876203,0.005359,0.444735,0.040938,0.46163,0.041452
0.16,energy_barrier_policy,7,80,0.054161,0.002196,0.876906,0.004992,0.453605,0.040276,0.470103,0.040419
0.16,energy_barrier_policy,8,80,0.053748,0.002272,0.877846,0.005164,0.442393,0.040314,0.459209,0.040324
0.16,energy_barrier_policy,9,80,0.053926,0.002354,0.877442,0.005351,0.4255,0.04108,0.442589,0.040986
0.16,proposed_contact_mode_boundary_atlas_v4,0,80,0.043325,0.00188,0.901535,0.004272,0.505779,0.038698,0.561406,0.038852
0.16,proposed_contact_mode_boundary_atlas_v4,1,80,0.043599,0.001958,0.900912,0.004449,0.564022,0.039364,0.617567,0.038866
0.16,proposed_contact_mode_boundary_atlas_v4,2,80,0.043709,0.00195,0.900662,0.004432,0.502522,0.038331,0.557529,0.037858
0.16,proposed_contact_mode_boundary_atlas_v4,3,80,0.043362,0.001855,0.90145,0.004216,0.552625,0.037107,0.607316,0.036786
0.16,proposed_contact_mode_boundary_atlas_v4,4,80,0.0436,0.001989,0.900909,0.00452,0.526249,0.038866,0.580891,0.038609
0.16,proposed_contact_mode_boundary_atlas_v4,5,80,0.04343,0.001998,0.901296,0.004541,0.533448,0.044214,0.588049,0.043884
0.16,proposed_contact_mode_boundary_atlas_v4,6,80,0.043607,0.001993,0.900893,0.004529,0.556749,0.040336,0.610248,0.039216
0.16,proposed_contact_mode_boundary_atlas_v4,7,80,0.043324,0.001967,0.901535,0.00447,0.528264,0.04153,0.583461,0.04135
0.16,proposed_contact_mode_boundary_atlas_v4,8,80,0.043842,0.001914,0.900358,0.00435,0.516318,0.042923,0.570139,0.042149
0.16,proposed_contact_mode_boundary_atlas_v4,9,80,0.043763,0.001881,0.900538,0.004275,0.552134,0.045614,0.604003,0.044373
0.16,contact_mode_boundary_audit_v5,0,80,0.025834,0.00097,0.941287,0.002204,0.625776,0.040153,0.711213,0.038632
0.16,contact_mode_boundary_audit_v5,1,80,0.025765,0.001014,0.941443,0.002305,0.639438,0.04017,0.723165,0.038132
0.16,contact_mode_boundary_audit_v5,2,80,0.025889,0.000989,0.941161,0.002247,0.664677,0.035069,0.751123,0.033731
0.16,contact_mode_boundary_audit_v5,3,80,0.026158,0.001098,0.940549,0.002494,0.628957,0.040703,0.712,0.038182
0.16,contact_mode_boundary_audit_v5,4,80,0.026038,0.000966,0.940822,0.002196,0.642874,0.045834,0.724116,0.04322
0.16,contact_mode_boundary_audit_v5,5,80,0.025556,0.001057,0.941919,0.002403,0.588697,0.041139,0.677386,0.04055
0.16,contact_mode_boundary_audit_v5,6,80,0.02561,0.001023,0.941795,0.002326,0.645366,0.040053,0.728457,0.037652
0.16,contact_mode_boundary_audit_v5,7,80,0.025992,0.001056,0.940928,0.0024,0.594094,0.033798,0.681876,0.032662
0.16,contact_mode_boundary_audit_v5,8,80,0.026104,0.000917,0.940672,0.002085,0.589691,0.038231,0.677498,0.037306
0.16,contact_mode_boundary_audit_v5,9,80,0.026144,0.00103,0.940581,0.002342,0.599303,0.036808,0.686081,0.035482
0.16,oracle_contact_mode_supervisor,0,80,0.025504,0.001107,0.942037,0.002517,0.67347,0.036011,0.759467,0.033474
0.16,oracle_contact_mode_supervisor,1,80,0.024832,0.000991,0.943563,0.002253,0.656443,0.040822,0.740797,0.037731
0.16,oracle_contact_mode_supervisor,2,80,0.0256,0.001084,0.941819,0.002464,0.667124,0.041102,0.75175,0.03838
0.16,oracle_contact_mode_supervisor,3,80,0.024917,0.000867,0.94337,0.001969,0.627024,0.044732,0.714511,0.042695
0.16,oracle_contact_mode_supervisor,4,80,0.025153,0.001035,0.942834,0.002352,0.64038,0.032365,0.732097,0.031414
0.16,oracle_contact_mode_supervisor,5,80,0.02522,0.001041,0.942682,0.002366,0.658069,0.036537,0.743618,0.033597
0.16,oracle_contact_mode_supervisor,6,80,0.0254,0.001052,0.942273,0.00239,0.6324,0.04372,0.715369,0.040211
0.16,oracle_contact_mode_supervisor,7,80,0.025344,0.001038,0.942399,0.002359,0.673622,0.038566,0.758449,0.035831
0.16,oracle_contact_mode_supervisor,8,80,0.025412,0.001057,0.942244,0.002402,0.602666,0.04156,0.692584,0.040042
0.16,oracle_contact_mode_supervisor,9,80,0.025136,0.000955,0.942872,0.002171,0.716843,0.037798,0.798757,0.03453
0.16,oracle_hybrid_contact_supervisor,0,80,0.018448,0.000677,0.958073,0.001539,0.670814,0.043364,0.768683,0.040598
0.16,oracle_hybrid_contact_supervisor,1,80,0.018688,0.00062,0.957527,0.001408,0.658495,0.04225,0.75637,0.039268
0.16,oracle_hybrid_contact_supervisor,2,80,0.018509,0.000689,0.957934,0.001565,0.646755,0.04027,0.74553,0.037264
0.16,oracle_hybrid_contact_supervisor,3,80,0.018324,0.00064,0.958355,0.001454,0.676808,0.041358,0.77725,0.03918
0.16,oracle_hybrid_contact_supervisor,4,80,0.018689,0.000661,0.957526,0.001503,0.694179,0.036095,0.791851,0.032883
0.16,oracle_hybrid_contact_supervisor,5,80,0.018329,0.000669,0.958343,0.001521,0.640812,0.043923,0.741859,0.041806
0.16,oracle_hybrid_contact_supervisor,6,80,0.018397,0.000645,0.958188,0.001466,0.674561,0.034184,0.774621,0.031314
0.16,oracle_hybrid_contact_supervisor,7,80,0.018433,0.000652,0.958107,0.001482,0.696618,0.041082,0.793736,0.038028
0.16,oracle_hybrid_contact_supervisor,8,80,0.018502,0.000669,0.95795,0.00152,0.670558,0.042467,0.76943,0.039931
0.16,oracle_hybrid_contact_supervisor,9,80,0.01806,0.00064,0.958955,0.001454,0.667233,0.044807,0.761629,0.040847
0.2,no_contact_behavior_clone,0,80,0.108348,0.005079,0.774274,0.010581,0.275964,0.036646,0.220126,0.036182
0.2,no_contact_behavior_clone,1,80,0.1086,0.005065,0.77375,0.010551,0.277341,0.039836,0.222767,0.039472
0.2,no_contact_behavior_clone,2,80,0.108421,0.005078,0.774123,0.010578,0.25496,0.032652,0.201179,0.031581
0.2,no_contact_behavior_clone,3,80,0.108647,0.005148,0.773652,0.010726,0.267972,0.037493,0.215867,0.036415
0.2,no_contact_behavior_clone,4,80,0.108702,0.005003,0.773537,0.010423,0.280251,0.040151,0.228992,0.038517
0.2,no_contact_behavior_clone,5,80,0.10876,0.0051,0.773416,0.010625,0.266817,0.033066,0.210774,0.032935
0.2,no_contact_behavior_clone,6,80,0.108604,0.005066,0.773741,0.010553,0.284143,0.033664,0.227311,0.033579
0.2,no_contact_behavior_clone,7,80,0.108682,0.005074,0.773579,0.01057,0.282643,0.031176,0.225684,0.03078
0.2,no_contact_behavior_clone,8,80,0.108533,0.005072,0.773889,0.010567,0.244696,0.0318,0.191998,0.030184
0.2,no_contact_behavior_clone,9,80,0.108581,0.005116,0.77379,0.010658,0.282648,0.031371,0.226669,0.030591
0.2,domain_randomization,0,80,0.093672,0.004444,0.80485,0.009258,0.357812,0.040663,0.322825,0.040866
0.2,domain_randomization,1,80,0.093457,0.004363,0.805298,0.009089,0.329826,0.031746,0.294072,0.032045
0.2,domain_randomization,2,80,0.09418,0.004389,0.803792,0.009143,0.329111,0.035666,0.293606,0.036209
0.2,domain_randomization,3,80,0.093763,0.004356,0.80466,0.009074,0.3485,0.037676,0.31411,0.037366
0.2,domain_randomization,4,80,0.094057,0.004316,0.804048,0.008991,0.349069,0.033933,0.312174,0.034582
0.2,domain_randomization,5,80,0.093986,0.004298,0.804195,0.008954,0.352807,0.040738,0.318744,0.040581
0.2,domain_randomization,6,80,0.093593,0.00439,0.805015,0.009145,0.333332,0.0342,0.299968,0.033583
0.2,domain_randomization,7,80,0.093872,0.004374,0.804434,0.009113,0.362683,0.035788,0.326226,0.036606
0.2,domain_randomization,8,80,0.093861,0.004332,0.804456,0.009025,0.357319,0.035509,0.322072,0.035144
0.2,domain_randomization,9,80,0.094107,0.004283,0.803944,0.008923,0.357895,0.0361,0.321169,0.035652
0.2,diffusion_policy_surrogate,0,80,0.095568,0.004515,0.8009,0.009407,0.381784,0.037398,0.347965,0.037778
0.2,diffusion_policy_surrogate,1,80,0.095978,0.004482,0.800045,0.009338,0.361217,0.036062,0.327047,0.035807
0.2,diffusion_policy_surrogate,2,80,0.095822,0.004433,0.800372,0.009236,0.363201,0.034292,0.328746,0.034737
0.2,diffusion_policy_surrogate,3,80,0.095641,0.004424,0.800749,0.009217,0.346553,0.035857,0.311549,0.036571
0.2,diffusion_policy_surrogate,4,80,0.095584,0.004417,0.800867,0.009202,0.391733,0.037023,0.358746,0.036731
0.2,diffusion_policy_surrogate,5,80,0.095911,0.004439,0.800185,0.009248,0.363069,0.030721,0.328458,0.031327
0.2,diffusion_policy_surrogate,6,80,0.095964,0.004491,0.800075,0.009356,0.373997,0.032129,0.33875,0.032685
0.2,diffusion_policy_surrogate,7,80,0.096028,0.004577,0.799942,0.009535,0.371105,0.039276,0.337401,0.039282
0.2,diffusion_policy_surrogate,8,80,0.095819,0.004348,0.800378,0.009059,0.353125,0.037112,0.318843,0.037518
0.2,diffusion_policy_surrogate,9,80,0.095567,0.00442,0.800901,0.009208,0.36653,0.038624,0.333167,0.039114
0.2,robotics_transformer_surrogate,0,80,0.09058,0.004181,0.811293,0.00871,0.39972,0.03676,0.372498,0.036998
0.2,robotics_transformer_surrogate,1,80,0.090912,0.004156,0.810601,0.008659,0.362512,0.039572,0.335192,0.039935
0.2,robotics_transformer_surrogate,2,80,0.09047,0.004179,0.81152,0.008707,0.417704,0.040945,0.390133,0.041631
0.2,robotics_transformer_surrogate,3,80,0.090749,0.004223,0.810939,0.008799,0.376499,0.037433,0.349257,0.037973
0.2,robotics_transformer_surrogate,4,80,0.090665,0.004161,0.811115,0.008669,0.382253,0.043483,0.354968,0.0441
0.2,robotics_transformer_surrogate,5,80,0.090776,0.004106,0.810884,0.008554,0.389724,0.042068,0.362952,0.042667
0.2,robotics_transformer_surrogate,6,80,0.090731,0.004177,0.810977,0.008702,0.354554,0.033731,0.326768,0.034608
0.2,robotics_transformer_surrogate,7,80,0.090684,0.004249,0.811074,0.008853,0.352597,0.037029,0.325492,0.037323
0.2,robotics_transformer_surrogate,8,80,0.09063,0.004191,0.811189,0.00873,0.40686,0.036626,0.379838,0.036483
0.2,robotics_transformer_surrogate,9,80,0.091084,0.00414,0.810241,0.008626,0.405012,0.038195,0.377375,0.038809
0.2,ensemble_disagreement_planner,0,80,0.06667,0.003005,0.861103,0.006261,0.45394,0.035126,0.459912,0.035436
0.2,ensemble_disagreement_planner,1,80,0.066538,0.003141,0.861379,0.006544,0.453221,0.034251,0.458853,0.034799
0.2,ensemble_disagreement_planner,2,80,0.067166,0.003036,0.86007,0.006325,0.4203,0.040649,0.426403,0.041119
0.2,ensemble_disagreement_planner,3,80,0.066836,0.003201,0.860758,0.006668,0.425819,0.042073,0.431319,0.042432
0.2,ensemble_disagreement_planner,4,80,0.066614,0.003092,0.861221,0.006442,0.445538,0.04081,0.451309,0.041237
0.2,ensemble_disagreement_planner,5,80,0.066623,0.003106,0.861202,0.006471,0.450396,0.036988,0.456227,0.037233
0.2,ensemble_disagreement_planner,6,80,0.066855,0.003192,0.86072,0.00665,0.439491,0.035844,0.445458,0.036194
0.2,ensemble_disagreement_planner,7,80,0.066635,0.003059,0.861176,0.006373,0.394683,0.04025,0.400565,0.040437
0.2,ensemble_disagreement_planner,8,80,0.066737,0.003124,0.860965,0.006508,0.437717,0.04183,0.443642,0.041956
0.2,ensemble_disagreement_planner,9,80,0.066833,0.003128,0.860764,0.006516,0.440942,0.035436,0.446826,0.035592
0.2,conformal_risk_filter,0,80,0.060836,0.002891,0.873258,0.006022,0.451059,0.035499,0.459388,0.035685
0.2,conformal_risk_filter,1,80,0.060383,0.002824,0.874201,0.005884,0.415501,0.031674,0.424032,0.032127
0.2,conformal_risk_filter,2,80,0.060784,0.00288,0.873366,0.006,0.471004,0.042452,0.479085,0.043107
0.2,conformal_risk_filter,3,80,0.060988,0.002866,0.872942,0.005971,0.433903,0.039859,0.441936,0.040322
0.2,conformal_risk_filter,4,80,0.061164,0.002899,0.872574,0.006039,0.402654,0.040386,0.410952,0.040949
0.2,conformal_risk_filter,5,80,0.06071,0.002813,0.87352,0.00586,0.439081,0.037052,0.447709,0.037277
0.2,conformal_risk_filter,6,80,0.060883,0.002831,0.87316,0.005897,0.429361,0.037625,0.437586,0.037813
0.2,conformal_risk_filter,7,80,0.061178,0.002755,0.872545,0.00574,0.442216,0.044547,0.450178,0.044787
0.2,conformal_risk_filter,8,80,0.060755,0.002855,0.873428,0.005948,0.45353,0.040639,0.461913,0.041072
0.2,conformal_risk_filter,9,80,0.060826,0.002898,0.87328,0.006037,0.427599,0.039125,0.43603,0.0394
0.2,smooth_dynamics_world_model,0,80,0.094308,0.004342,0.803525,0.009046,0.354837,0.037636,0.32144,0.037924
0.2,smooth_dynamics_world_model,1,80,0.094257,0.004398,0.803632,0.009162,0.354018,0.044737,0.320982,0.0449
0.2,smooth_dynamics_world_model,2,80,0.09503,0.00451,0.802022,0.009395,0.34507,0.033423,0.311081,0.033684
0.2,smooth_dynamics_world_model,3,80,0.094759,0.004406,0.802585,0.009179,0.342284,0.033996,0.308162,0.034369
0.2,smooth_dynamics_world_model,4,80,0.094284,0.004421,0.803574,0.00921,0.374537,0.03974,0.340587,0.040447
0.2,smooth_dynamics_world_model,5,80,0.094604,0.004372,0.802908,0.009108,0.38022,0.036274,0.345469,0.036662
0.2,smooth_dynamics_world_model,6,80,0.094671,0.004473,0.802769,0.009318,0.369367,0.034427,0.33549,0.034754
0.2,smooth_dynamics_world_model,7,80,0.09477,0.00443,0.802562,0.009228,0.385195,0.035213,0.35002,0.036313
0.2,smooth_dynamics_world_model,8,80,0.09442,0.004343,0.803292,0.009048,0.352406,0.038802,0.320646,0.038132
0.2,smooth_dynamics_world_model,9,80,0.094169,0.004413,0.803815,0.009193,0.370003,0.032368,0.335288,0.033315
0.2,contact_implicit_mpc,0,80,0.06261,0.002809,0.869563,0.005851,0.42653,0.037224,0.441876,0.037508
0.2,contact_implicit_mpc,1,80,0.062595,0.002821,0.869594,0.005877,0.414027,0.042318,0.429625,0.042113
0.2,contact_implicit_mpc,2,80,0.062886,0.00274,0.868988,0.005709,0.487905,0.036275,0.503625,0.036809
0.2,contact_implicit_mpc,3,80,0.062583,0.002916,0.869619,0.006075,0.426304,0.038451,0.442155,0.038754
0.2,contact_implicit_mpc,4,80,0.062307,0.002903,0.870193,0.006047,0.433167,0.037075,0.449241,0.037238
0.2,contact_implicit_mpc,5,80,0.062796,0.002891,0.869175,0.006022,0.4676,0.044561,0.483166,0.044842
0.2,contact_implicit_mpc,6,80,0.06252,0.002835,0.869749,0.005906,0.444037,0.040265,0.459784,0.040493
0.2,contact_implicit_mpc,7,80,0.062601,0.002865,0.869581,0.005968,0.437154,0.041161,0.45292,0.041427
0.2,contact_implicit_mpc,8,80,0.062625,0.002843,0.869531,0.005922,0.466337,0.038441,0.481901,0.038843
0.2,contact_implicit_mpc,9,80,0.062548,0.002856,0.869692,0.005949,0.434177,0.037245,0.449981,0.037869
0.2,complementarity_residual_planner,0,80,0.059473,0.002653,0.876098,0.005527,0.441599,0.040856,0.464569,0.040641
0.2,complementarity_residual_planner,1,80,0.059948,0.002725,0.875109,0.005677,0.480863,0.043507,0.503262,0.04372
0.2,complementarity_residual_planner,2,80,0.059662,0.00272,0.875704,0.005667,0.460274,0.040546,0.483783,0.040658
0.2,complementarity_residual_planner,3,80,0.059208,0.002719,0.87665,0.005665,0.448901,0.040575,0.472575,0.041247
0.2,complementarity_residual_planner,4,80,0.059693,0.002746,0.875639,0.00572,0.446797,0.037282,0.470534,0.037399
0.2,complementarity_residual_planner,5,80,0.059508,0.002639,0.876025,0.005498,0.473457,0.04509,0.49657,0.045431
0.2,complementarity_residual_planner,6,80,0.059724,0.002678,0.875574,0.005579,0.470314,0.038696,0.493298,0.038509
0.2,complementarity_residual_planner,7,80,0.060012,0.00267,0.874975,0.005563,0.45062,0.042427,0.473842,0.043211
0.2,complementarity_residual_planner,8,80,0.059737,0.002724,0.875547,0.005675,0.448884,0.041058,0.471699,0.041013
0.2,complementarity_residual_planner,9,80,0.059351,0.0027,0.876353,0.005624,0.441775,0.036573,0.465582,0.036779
0.2,robust_hybrid_mpc,0,80,0.051844,0.002254,0.891992,0.004695,0.495991,0.044496,0.528355,0.044486
0.2,robust_hybrid_mpc,1,80,0.051684,0.002311,0.892326,0.004814,0.477387,0.044832,0.509623,0.044586
0.2,robust_hybrid_mpc,2,80,0.051999,0.002278,0.891669,0.004745,0.514586,0.037021,0.547105,0.03706
0.2,robust_hybrid_mpc,3,80,0.051661,0.002309,0.892373,0.00481,0.496202,0.035368,0.528449,0.035415
0.2,robust_hybrid_mpc,4,80,0.051614,0.00236,0.892471,0.004917,0.460531,0.040251,0.492715,0.039905
0.2,robust_hybrid_mpc,5,80,0.052148,0.002233,0.891358,0.004652,0.468929,0.038468,0.501257,0.038976
0.2,robust_hybrid_mpc,6,80,0.051663,0.002254,0.892369,0.004696,0.470405,0.03914,0.502938,0.039218
0.2,robust_hybrid_mpc,7,80,0.051807,0.002238,0.892069,0.004662,0.447994,0.039596,0.480422,0.039628
0.2,robust_hybrid_mpc,8,80,0.051465,0.002265,0.892781,0.004719,0.479255,0.039916,0.511836,0.040178
0.2,robust_hybrid_mpc,9,80,0.051828,0.002208,0.892024,0.004601,0.474528,0.040006,0.506585,0.040037
0.2,learned_contact_classifier,0,80,0.067029,0.003047,0.860356,0.006349,0.470097,0.039823,0.485845,0.040162
0.2,learned_contact_classifier,1,80,0.06661,0.00306,0.861229,0.006375,0.451293,0.039867,0.467002,0.040219
0.2,learned_contact_classifier,2,80,0.067106,0.003028,0.860196,0.006308,0.448231,0.037265,0.464144,0.037501
0.2,learned_contact_classifier,3,80,0.066964,0.003066,0.860492,0.006388,0.44052,0.040047,0.456302,0.039925
0.2,learned_contact_classifier,4,80,0.066401,0.003055,0.861664,0.006364,0.478044,0.039641,0.494207,0.040007
0.2,learned_contact_classifier,5,80,0.066781,0.00305,0.860873,0.006355,0.416566,0.043013,0.432297,0.043418
0.2,learned_contact_classifier,6,80,0.066729,0.003121,0.860982,0.006502,0.464334,0.038716,0.480311,0.038925
0.2,learned_contact_classifier,7,80,0.066353,0.003021,0.861765,0.006294,0.485076,0.041903,0.500822,0.041983
0.2,learned_contact_classifier,8,80,0.066516,0.003086,0.861426,0.006429,0.443618,0.037392,0.459834,0.037734
0.2,learned_contact_classifier,9,80,0.066491,0.003008,0.861477,0.006267,0.419492,0.039726,0.435716,0.040294
0.2,energy_barrier_policy,0,80,0.054071,0.002343,0.887353,0.004881,0.448378,0.044015,0.464869,0.044174
0.2,energy_barrier_policy,1,80,0.053992,0.002341,0.887517,0.004878,0.456978,0.040516,0.473818,0.040753
0.2,energy_barrier_policy,2,80,0.053939,0.002285,0.887628,0.004761,0.429379,0.04097,0.44622,0.04118
0.2,energy_barrier_policy,3,80,0.053972,0.002323,0.887558,0.00484,0.490076,0.042315,0.506873,0.042384
0.2,energy_barrier_policy,4,80,0.05341,0.002306,0.888729,0.004804,0.428282,0.036101,0.445769,0.036509
0.2,energy_barrier_policy,5,80,0.054307,0.00233,0.886859,0.004854,0.435597,0.040984,0.452397,0.041613
0.2,energy_barrier_policy,6,80,0.054471,0.002358,0.886519,0.004912,0.449861,0.041343,0.466819,0.041845
0.2,energy_barrier_policy,7,80,0.054161,0.002196,0.887164,0.004576,0.45886,0.040681,0.475418,0.040817
0.2,energy_barrier_policy,8,80,0.053748,0.002272,0.888025,0.004734,0.447541,0.040789,0.464418,0.040787
0.2,energy_barrier_policy,9,80,0.053926,0.002354,0.887655,0.004905,0.430493,0.04156,0.447646,0.041455
0.2,proposed_contact_mode_boundary_atlas_v4,0,80,0.043325,0.00188,0.90974,0.003916,0.510332,0.039,0.566279,0.039141
0.2,proposed_contact_mode_boundary_atlas_v4,1,80,0.043599,0.001958,0.90917,0.004078,0.569104,0.039649,0.622954,0.039132
0.2,proposed_contact_mode_boundary_atlas_v4,2,80,0.043709,0.00195,0.90894,0.004063,0.507173,0.038692,0.562497,0.038205
0.2,proposed_contact_mode_boundary_atlas_v4,3,80,0.043362,0.001855,0.909662,0.003865,0.557615,0.037388,0.612619,0.037052
0.2,proposed_contact_mode_boundary_atlas_v4,4,80,0.0436,0.001989,0.909167,0.004143,0.531006,0.039143,0.585962,0.038868
0.2,proposed_contact_mode_boundary_atlas_v4,5,80,0.04343,0.001998,0.909521,0.004163,0.538299,0.0446,0.593211,0.044253
0.2,proposed_contact_mode_boundary_atlas_v4,6,80,0.043607,0.001993,0.909152,0.004152,0.561916,0.040693,0.615719,0.039559
0.2,proposed_contact_mode_boundary_atlas_v4,7,80,0.043324,0.001967,0.909741,0.004097,0.533027,0.041873,0.588542,0.041682
0.2,proposed_contact_mode_boundary_atlas_v4,8,80,0.043842,0.001914,0.908662,0.003987,0.521034,0.043269,0.575165,0.042479
0.2,proposed_contact_mode_boundary_atlas_v4,9,80,0.043763,0.001881,0.908827,0.003918,0.557164,0.045966,0.609331,0.04471
0.2,contact_mode_boundary_audit_v5,0,80,0.025834,0.00097,0.946179,0.002021,0.62901,0.040347,0.714751,0.038811
0.2,contact_mode_boundary_audit_v5,1,80,0.025765,0.001014,0.946322,0.002113,0.642749,0.040371,0.72677,0.038317
0.2,contact_mode_boundary_audit_v5,2,80,0.025889,0.000989,0.946064,0.00206,0.668141,0.035254,0.754896,0.033902
0.2,contact_mode_boundary_audit_v5,3,80,0.026158,0.001098,0.945503,0.002287,0.632273,0.040915,0.715613,0.038379
0.2,contact_mode_boundary_audit_v5,4,80,0.026038,0.000966,0.945754,0.002013,0.646246,0.046052,0.727776,0.043425
0.2,contact_mode_boundary_audit_v5,5,80,0.025556,0.001057,0.946759,0.002203,0.591722,0.041348,0.680729,0.040753
0.2,contact_mode_boundary_audit_v5,6,80,0.02561,0.001023,0.946646,0.002132,0.648703,0.040271,0.732083,0.037856
0.2,contact_mode_boundary_audit_v5,7,80,0.025992,0.001056,0.94585,0.0022,0.597191,0.033951,0.685294,0.032809
0.2,contact_mode_boundary_audit_v5,8,80,0.026104,0.000917,0.945616,0.001911,0.592807,0.038441,0.680933,0.037506
0.2,contact_mode_boundary_audit_v5,9,80,0.026144,0.00103,0.945532,0.002147,0.602486,0.037015,0.689578,0.035678
0.2,oracle_contact_mode_supervisor,0,80,0.025504,0.001107,0.946867,0.002307,0.676896,0.036151,0.763195,0.033599
0.2,oracle_contact_mode_supervisor,1,80,0.024832,0.000991,0.948266,0.002065,0.659725,0.041034,0.744359,0.037919
0.2,oracle_contact_mode_supervisor,2,80,0.0256,0.001084,0.946667,0.002259,0.670558,0.041313,0.755476,0.038573
0.2,oracle_contact_mode_supervisor,3,80,0.024917,0.000867,0.948089,0.001805,0.630154,0.044951,0.717941,0.042901
0.2,oracle_contact_mode_supervisor,4,80,0.025153,0.001035,0.947597,0.002156,0.643612,0.03252,0.735653,0.031559
0.2,oracle_contact_mode_supervisor,5,80,0.02522,0.001041,0.947458,0.002169,0.66139,0.036704,0.747236,0.033749
0.2,oracle_contact_mode_supervisor,6,80,0.0254,0.001052,0.947084,0.002191,0.635603,0.043917,0.718857,0.040387
0.2,oracle_contact_mode_supervisor,7,80,0.025344,0.001038,0.947199,0.002162,0.677035,0.038746,0.762154,0.035989
0.2,oracle_contact_mode_supervisor,8,80,0.025412,0.001057,0.947057,0.002202,0.605742,0.041764,0.69598,0.040236
0.2,oracle_contact_mode_supervisor,9,80,0.025136,0.000955,0.947633,0.00199,0.720474,0.037995,0.80266,0.034702
0.2,oracle_hybrid_contact_supervisor,0,80,0.018448,0.000677,0.961567,0.001411,0.673246,0.043512,0.771362,0.040733
0.2,oracle_hybrid_contact_supervisor,1,80,0.018688,0.00062,0.961066,0.001291,0.660913,0.042397,0.759008,0.03939
0.2,oracle_hybrid_contact_supervisor,2,80,0.018509,0.000689,0.961439,0.001434,0.649109,0.040401,0.748109,0.037372
0.2,oracle_hybrid_contact_supervisor,3,80,0.018324,0.00064,0.961825,0.001333,0.679261,0.041509,0.779954,0.039317
0.2,oracle_hybrid_contact_supervisor,4,80,0.018689,0.000661,0.961065,0.001378,0.696747,0.036227,0.794638,0.032995
0.2,oracle_hybrid_contact_supervisor,5,80,0.018329,0.000669,0.961815,0.001394,0.64314,0.04409,0.744441,0.041961
0.2,oracle_hybrid_contact_supervisor,6,80,0.018397,0.000645,0.961673,0.001344,0.677028,0.034318,0.777341,0.031437
0.2,oracle_hybrid_contact_supervisor,7,80,0.018433,0.000652,0.961598,0.001358,0.699157,0.041224,0.796464,0.038145
0.2,oracle_hybrid_contact_supervisor,8,80,0.018502,0.000669,0.961454,0.001394,0.673012,0.042628,0.772135,0.04008
0.2,oracle_hybrid_contact_supervisor,9,80,0.01806,0.00064,0.962376,0.001333,0.669617,0.044969,0.76424,0.040991
