method,split,seed,groups,mean_success,ci95_success,mean_utility,ci95_utility,mean_contact_mode_f1,ci95_contact_mode_f1,mean_boundary_error,ci95_boundary_error,mean_complementarity_residual,ci95_complementarity_residual,mean_impulse_violation,ci95_impulse_violation,mean_unsafe_impulse,ci95_unsafe_impulse,mean_jam_rate,ci95_jam_rate,mean_slip_overshoot,ci95_slip_overshoot,mean_mode_switch_latency,ci95_mode_switch_latency,mean_recovery_success,ci95_recovery_success,mean_energy_spike,ci95_energy_spike,mean_calibration_ece,ci95_calibration_ece,mean_intervention_cost,ci95_intervention_cost,mean_fixed_risk_coverage,ci95_fixed_risk_coverage,mean_regret_to_oracle,ci95_regret_to_oracle
no_contact_behavior_clone,heldout_mixed_non_smooth_stress,0,80,0.354167,0.045526,0.291261,0.04475,0.161263,0.001624,0.345637,0.008568,0.153657,0.006551,0.127147,0.008156,0.082589,0.004805,0.099847,0.006241,0.136926,0.005159,0.098343,0.005037,0.149358,0.001687,0.116139,0.005857,0.13191,0.001166,0.144191,0.000595,0.284834,0.001452,0.345833,0.0
no_contact_behavior_clone,heldout_mixed_non_smooth_stress,1,80,0.354167,0.049095,0.292744,0.048349,0.162682,0.001521,0.344318,0.008514,0.153784,0.006291,0.127538,0.007972,0.083041,0.004881,0.100014,0.006151,0.13783,0.005247,0.098682,0.005218,0.151372,0.001881,0.115137,0.005928,0.132636,0.001233,0.144996,0.000526,0.284798,0.00145,0.333333,0.0
no_contact_behavior_clone,heldout_mixed_non_smooth_stress,2,80,0.327083,0.041273,0.266602,0.039788,0.162215,0.001541,0.345805,0.008737,0.154445,0.0064,0.127185,0.007974,0.082755,0.004749,0.100008,0.006156,0.137346,0.005351,0.098799,0.005001,0.150283,0.001806,0.11561,0.006042,0.133558,0.001259,0.144708,0.000652,0.284815,0.001461,0.347917,0.0
no_contact_behavior_clone,heldout_mixed_non_smooth_stress,3,80,0.341667,0.04572,0.283255,0.044126,0.162569,0.001397,0.34652,0.008658,0.153622,0.006175,0.126405,0.008088,0.083718,0.004966,0.100174,0.006285,0.137832,0.005026,0.098703,0.005227,0.150159,0.001717,0.115685,0.005953,0.132434,0.001178,0.145136,0.000705,0.284608,0.001471,0.364583,0.0
no_contact_behavior_clone,heldout_mixed_non_smooth_stress,4,80,0.358333,0.050023,0.300769,0.047872,0.162693,0.00155,0.345152,0.008864,0.153954,0.006428,0.127079,0.007882,0.083695,0.004651,0.10027,0.006187,0.137549,0.005336,0.098875,0.005088,0.150957,0.001687,0.115147,0.005849,0.132126,0.0011,0.144902,0.000573,0.284672,0.001418,0.366667,0.0
no_contact_behavior_clone,heldout_mixed_non_smooth_stress,5,80,0.341667,0.04105,0.278663,0.040564,0.161727,0.001537,0.345827,0.0086,0.153618,0.006435,0.128068,0.007961,0.083035,0.004864,0.099544,0.006076,0.137859,0.005185,0.098068,0.005059,0.150627,0.00163,0.115896,0.006002,0.131946,0.001045,0.145252,0.000641,0.284799,0.001456,0.327083,0.0
no_contact_behavior_clone,heldout_mixed_non_smooth_stress,6,80,0.364583,0.041538,0.300499,0.041199,0.162122,0.001608,0.346124,0.008655,0.153565,0.006431,0.127253,0.007907,0.082811,0.004835,0.100519,0.006305,0.13729,0.005274,0.099101,0.005165,0.150854,0.001738,0.116147,0.006017,0.13261,0.001125,0.144848,0.000716,0.284795,0.001484,0.339583,0.0
no_contact_behavior_clone,heldout_mixed_non_smooth_stress,7,80,0.364583,0.039879,0.300483,0.039041,0.163225,0.001502,0.344513,0.008777,0.154413,0.006576,0.127506,0.007858,0.083031,0.004883,0.100884,0.006339,0.137002,0.005236,0.098249,0.005083,0.15016,0.001797,0.115635,0.006053,0.132039,0.001147,0.144626,0.000673,0.284706,0.001456,0.3625,0.0
no_contact_behavior_clone,heldout_mixed_non_smooth_stress,8,80,0.314583,0.040675,0.255383,0.038513,0.163011,0.001737,0.345043,0.00879,0.154173,0.006513,0.127715,0.007943,0.083404,0.004879,0.099544,0.006385,0.136906,0.004985,0.097841,0.004959,0.150768,0.001991,0.114988,0.005932,0.132736,0.001192,0.144702,0.000562,0.284829,0.001428,0.385417,0.0
no_contact_behavior_clone,heldout_mixed_non_smooth_stress,9,80,0.364583,0.0403,0.301658,0.039088,0.162833,0.001546,0.34541,0.008469,0.153693,0.006501,0.127268,0.008021,0.083057,0.004942,0.100502,0.006039,0.137542,0.005262,0.098594,0.005029,0.150162,0.001924,0.115159,0.005991,0.132118,0.001168,0.144307,0.000673,0.284698,0.001474,0.33125,0.0
domain_randomization,heldout_mixed_non_smooth_stress,0,80,0.441667,0.048654,0.400402,0.048496,0.234851,0.0015,0.318174,0.007327,0.13306,0.005505,0.111689,0.006881,0.070873,0.004357,0.088182,0.005355,0.116176,0.004319,0.085957,0.004568,0.222428,0.00165,0.098668,0.005159,0.114157,0.001031,0.151501,0.000646,0.345802,0.001277,0.258333,0.0
domain_randomization,heldout_mixed_non_smooth_stress,1,80,0.408333,0.038503,0.36613,0.038482,0.236169,0.001535,0.317576,0.007535,0.133245,0.005482,0.111425,0.006718,0.070423,0.004315,0.088297,0.005413,0.11543,0.004366,0.086374,0.004418,0.22315,0.001579,0.09923,0.004976,0.114332,0.001058,0.151411,0.000594,0.345961,0.001289,0.279167,0.0
domain_randomization,heldout_mixed_non_smooth_stress,2,80,0.40625,0.041842,0.364311,0.042034,0.234869,0.001606,0.318004,0.007328,0.133202,0.005417,0.112685,0.006774,0.071261,0.004331,0.08929,0.005388,0.115306,0.004358,0.086793,0.004396,0.223395,0.001741,0.099303,0.004979,0.113049,0.001222,0.151157,0.000629,0.345761,0.001298,0.26875,0.0
domain_randomization,heldout_mixed_non_smooth_stress,3,80,0.43125,0.045644,0.390685,0.044949,0.235067,0.0014,0.317772,0.007169,0.133621,0.005479,0.112276,0.006776,0.069913,0.004316,0.089329,0.005252,0.11573,0.004263,0.086882,0.004455,0.223117,0.001669,0.099643,0.004965,0.11385,0.000999,0.15161,0.000595,0.345909,0.001258,0.275,0.0
domain_randomization,heldout_mixed_non_smooth_stress,4,80,0.433333,0.040926,0.389828,0.041305,0.236279,0.00141,0.316647,0.007316,0.133387,0.005508,0.112336,0.0069,0.070875,0.004175,0.089231,0.00511,0.116278,0.00443,0.086277,0.004343,0.223258,0.001932,0.099001,0.005084,0.114587,0.001044,0.151096,0.000589,0.345739,0.001194,0.291667,0.0
domain_randomization,heldout_mixed_non_smooth_stress,5,80,0.435417,0.048791,0.395186,0.048235,0.235606,0.001524,0.318418,0.007689,0.13252,0.005295,0.112411,0.00674,0.070899,0.004219,0.088798,0.005254,0.11614,0.004187,0.086122,0.004378,0.223912,0.001709,0.098949,0.005053,0.113892,0.001129,0.15104,0.000703,0.345829,0.001248,0.233333,0.0
domain_randomization,heldout_mixed_non_smooth_stress,6,80,0.4125,0.04149,0.373012,0.040322,0.235005,0.001306,0.316575,0.007443,0.133548,0.005451,0.111678,0.006806,0.07062,0.004288,0.088197,0.005384,0.116239,0.004217,0.086422,0.004514,0.224618,0.001572,0.098618,0.005029,0.114201,0.001068,0.150542,0.000615,0.345965,0.001285,0.291667,0.0
domain_randomization,heldout_mixed_non_smooth_stress,7,80,0.447917,0.042937,0.404964,0.043565,0.235361,0.001481,0.316314,0.007286,0.133954,0.005531,0.112365,0.006784,0.070807,0.004223,0.087792,0.005368,0.115546,0.004381,0.086117,0.004532,0.222318,0.001855,0.100162,0.004975,0.113716,0.001134,0.151546,0.000624,0.345895,0.001268,0.279167,0.0
domain_randomization,heldout_mixed_non_smooth_stress,8,80,0.44375,0.043851,0.402287,0.04295,0.235159,0.001508,0.317589,0.007398,0.133004,0.005383,0.111469,0.006897,0.071494,0.004216,0.087978,0.005294,0.116165,0.004269,0.086473,0.004504,0.221259,0.002076,0.099222,0.005036,0.113622,0.001041,0.151618,0.000712,0.34566,0.001241,0.25625,0.0
domain_randomization,heldout_mixed_non_smooth_stress,9,80,0.447917,0.045976,0.404559,0.045203,0.235507,0.001398,0.317256,0.007654,0.133338,0.005411,0.112158,0.006633,0.07083,0.004132,0.089385,0.005227,0.1162,0.004096,0.08571,0.004278,0.224051,0.001556,0.099667,0.005115,0.113646,0.001055,0.151522,0.000574,0.345784,0.001233,0.247917,0.0
diffusion_policy_surrogate,heldout_mixed_non_smooth_stress,0,80,0.475,0.045424,0.434274,0.045457,0.251023,0.0015,0.314552,0.007547,0.134343,0.005546,0.116007,0.007145,0.070826,0.00435,0.087377,0.005145,0.121438,0.00443,0.088075,0.004792,0.237625,0.001693,0.100572,0.005225,0.115986,0.001111,0.152826,0.000711,0.352381,0.001259,0.225,0.0
diffusion_policy_surrogate,heldout_mixed_non_smooth_stress,1,80,0.452083,0.045086,0.410991,0.044517,0.250798,0.001601,0.315193,0.007344,0.133785,0.005481,0.11638,0.007072,0.072041,0.0045,0.087787,0.004965,0.121074,0.004398,0.087792,0.004706,0.236653,0.002037,0.099984,0.005046,0.117006,0.001152,0.152575,0.000635,0.352128,0.001287,0.235417,0.0
diffusion_policy_surrogate,heldout_mixed_non_smooth_stress,2,80,0.452083,0.041579,0.410716,0.041706,0.249053,0.001736,0.315122,0.007345,0.134638,0.005608,0.115842,0.007089,0.072159,0.004301,0.087951,0.005016,0.12003,0.004568,0.088586,0.004634,0.236475,0.001662,0.100374,0.005077,0.116547,0.000975,0.153243,0.00067,0.352167,0.001231,0.222917,0.0
diffusion_policy_surrogate,heldout_mixed_non_smooth_stress,3,80,0.43125,0.043755,0.38915,0.044246,0.249662,0.001446,0.314638,0.007666,0.13418,0.005668,0.116645,0.007285,0.070864,0.004156,0.087508,0.005281,0.120686,0.004462,0.088405,0.00453,0.237024,0.001828,0.100514,0.005037,0.115452,0.0011,0.152658,0.00062,0.352386,0.001216,0.275,0.0
diffusion_policy_surrogate,heldout_mixed_non_smooth_stress,4,80,0.4875,0.044928,0.447791,0.044159,0.250053,0.001475,0.314799,0.007342,0.134392,0.005723,0.115327,0.007143,0.071862,0.004302,0.087643,0.005197,0.120287,0.004421,0.087752,0.004627,0.237553,0.001711,0.100333,0.005061,0.116204,0.001142,0.152495,0.000661,0.352287,0.001237,0.2375,0.0
diffusion_policy_surrogate,heldout_mixed_non_smooth_stress,5,80,0.452083,0.037747,0.410454,0.038073,0.249466,0.001376,0.314067,0.007388,0.134163,0.005537,0.116426,0.007086,0.0717,0.004366,0.088468,0.004856,0.120116,0.004439,0.088412,0.004506,0.237094,0.001849,0.100385,0.00515,0.116434,0.001036,0.152672,0.000622,0.352215,0.00123,0.216667,0.0
diffusion_policy_surrogate,heldout_mixed_non_smooth_stress,6,80,0.466667,0.039155,0.424252,0.039427,0.249294,0.001682,0.316345,0.007323,0.134485,0.005437,0.116887,0.007197,0.072207,0.004317,0.087414,0.00505,0.120313,0.004481,0.087876,0.004567,0.237329,0.001768,0.09982,0.005174,0.116833,0.001117,0.152799,0.000686,0.352242,0.001262,0.2375,0.0
diffusion_policy_surrogate,heldout_mixed_non_smooth_stress,7,80,0.4625,0.047557,0.421968,0.047216,0.251257,0.001577,0.31535,0.007424,0.134745,0.005466,0.11738,0.007239,0.071252,0.004578,0.087898,0.00526,0.120499,0.004502,0.0888,0.004553,0.23659,0.001692,0.100873,0.005234,0.115671,0.001114,0.153201,0.000654,0.352278,0.001303,0.264583,0.0
diffusion_policy_surrogate,heldout_mixed_non_smooth_stress,8,80,0.439583,0.045104,0.398333,0.045257,0.250295,0.001623,0.315016,0.007446,0.133894,0.005737,0.116591,0.006996,0.072142,0.00418,0.087538,0.005003,0.119995,0.004166,0.088194,0.004505,0.237567,0.001777,0.099613,0.004969,0.116686,0.001064,0.152483,0.000607,0.352279,0.001215,0.260417,0.0
diffusion_policy_surrogate,heldout_mixed_non_smooth_stress,9,80,0.454167,0.046115,0.414,0.046314,0.250278,0.001386,0.314548,0.007115,0.134072,0.005797,0.115738,0.007112,0.071266,0.004259,0.088493,0.005241,0.119605,0.004348,0.08761,0.004765,0.237423,0.001631,0.100581,0.004978,0.116948,0.001067,0.152535,0.000638,0.352338,0.001268,0.241667,0.0
robotics_transformer_surrogate,heldout_mixed_non_smooth_stress,0,80,0.491667,0.044598,0.457645,0.044498,0.269649,0.00163,0.30504,0.006914,0.130029,0.005306,0.109467,0.006606,0.066729,0.004137,0.084828,0.004759,0.113828,0.00406,0.082574,0.004112,0.257454,0.001859,0.096042,0.004707,0.110458,0.000965,0.156028,0.000648,0.375049,0.001181,0.208333,0.0
robotics_transformer_surrogate,heldout_mixed_non_smooth_stress,1,80,0.445833,0.047486,0.411681,0.047646,0.270756,0.001786,0.305262,0.00669,0.129685,0.005591,0.111002,0.006779,0.067384,0.003893,0.084499,0.004948,0.114023,0.004023,0.083781,0.00417,0.257807,0.00163,0.094466,0.004889,0.110262,0.00109,0.155828,0.000621,0.374989,0.001134,0.241667,0.0
robotics_transformer_surrogate,heldout_mixed_non_smooth_stress,2,80,0.5125,0.049232,0.478065,0.049674,0.270635,0.00135,0.306261,0.006962,0.129697,0.005354,0.110406,0.006797,0.066496,0.004115,0.083868,0.004887,0.113878,0.004169,0.084388,0.0044,0.256968,0.001813,0.095233,0.00473,0.110651,0.00103,0.156096,0.000756,0.375147,0.001172,0.1625,0.0
robotics_transformer_surrogate,heldout_mixed_non_smooth_stress,3,80,0.4625,0.045004,0.428304,0.045272,0.270656,0.001613,0.305166,0.007033,0.128719,0.00536,0.110276,0.006782,0.067532,0.004128,0.08371,0.004874,0.113635,0.004142,0.083365,0.004127,0.259062,0.002025,0.095503,0.004883,0.109801,0.001105,0.155427,0.00079,0.375152,0.001182,0.24375,0.0
robotics_transformer_surrogate,heldout_mixed_non_smooth_stress,4,80,0.46875,0.051681,0.434614,0.052038,0.26869,0.001629,0.305866,0.007005,0.129876,0.005191,0.110665,0.006523,0.067028,0.004046,0.083485,0.004853,0.113782,0.004251,0.083062,0.004357,0.257482,0.00166,0.095495,0.004795,0.109954,0.000974,0.155578,0.000634,0.375144,0.001204,0.25625,0.0
robotics_transformer_surrogate,heldout_mixed_non_smooth_stress,5,80,0.477083,0.049903,0.443538,0.050245,0.27041,0.0015,0.305723,0.00711,0.130365,0.005396,0.11091,0.006561,0.067149,0.003916,0.083731,0.004915,0.114384,0.003986,0.083429,0.004301,0.258267,0.001765,0.094706,0.004816,0.110419,0.000993,0.155325,0.000622,0.3751,0.001162,0.191667,0.0
robotics_transformer_surrogate,heldout_mixed_non_smooth_stress,6,80,0.435417,0.040048,0.400671,0.040662,0.27154,0.001516,0.305617,0.006769,0.129365,0.005398,0.109638,0.006621,0.066717,0.004158,0.084845,0.004813,0.1144,0.003999,0.082828,0.00418,0.257595,0.001743,0.096268,0.004791,0.110029,0.000986,0.155031,0.000696,0.375012,0.001184,0.26875,0.0
robotics_transformer_surrogate,heldout_mixed_non_smooth_stress,7,80,0.433333,0.044863,0.399401,0.044781,0.270372,0.001422,0.306661,0.007061,0.130146,0.005347,0.110389,0.006723,0.066982,0.004151,0.084057,0.004844,0.114075,0.004001,0.082912,0.004334,0.25743,0.001828,0.095266,0.004905,0.110325,0.001078,0.155421,0.00065,0.375067,0.0012,0.29375,0.0
robotics_transformer_surrogate,heldout_mixed_non_smooth_stress,8,80,0.502083,0.04557,0.468239,0.045045,0.270708,0.001633,0.305099,0.007064,0.129876,0.00529,0.110292,0.006663,0.067141,0.004128,0.083405,0.004708,0.113973,0.004109,0.084437,0.004273,0.257923,0.001719,0.095523,0.004891,0.110252,0.001069,0.155191,0.000739,0.375146,0.001185,0.197917,0.0
robotics_transformer_surrogate,heldout_mixed_non_smooth_stress,9,80,0.497917,0.045939,0.463362,0.046323,0.270708,0.001248,0.305438,0.006644,0.129889,0.005267,0.111199,0.006544,0.067453,0.004004,0.084906,0.004758,0.114007,0.004162,0.083113,0.004434,0.257832,0.001825,0.094754,0.004784,0.110308,0.001148,0.155285,0.000634,0.374941,0.001162,0.197917,0.0
ensemble_disagreement_planner,heldout_mixed_non_smooth_stress,0,80,0.527083,0.040446,0.525063,0.040538,0.342393,0.00133,0.273167,0.005837,0.102194,0.004324,0.082825,0.00454,0.042152,0.00291,0.067777,0.004016,0.087212,0.003405,0.073253,0.003851,0.347824,0.00177,0.073212,0.003828,0.072073,0.001153,0.180632,0.000589,0.525992,0.000887,0.172917,0.0
ensemble_disagreement_planner,heldout_mixed_non_smooth_stress,1,80,0.525,0.038591,0.522649,0.038888,0.343057,0.001785,0.273542,0.006007,0.101534,0.004234,0.083521,0.004819,0.041897,0.003019,0.06689,0.004148,0.086684,0.003218,0.073005,0.003983,0.346436,0.001601,0.0732,0.003795,0.071706,0.001027,0.18045,0.000605,0.526078,0.00094,0.1625,0.0
ensemble_disagreement_planner,heldout_mixed_non_smooth_stress,2,80,0.4875,0.04677,0.485639,0.046991,0.342248,0.001426,0.272827,0.006058,0.10177,0.004129,0.08381,0.004629,0.04314,0.00285,0.066987,0.004116,0.086957,0.00343,0.072921,0.003885,0.348682,0.001483,0.073966,0.003745,0.071342,0.001078,0.180622,0.000621,0.525995,0.000895,0.1875,0.0
ensemble_disagreement_planner,heldout_mixed_non_smooth_stress,3,80,0.49375,0.047723,0.491238,0.047808,0.341933,0.001779,0.27364,0.005997,0.102211,0.004229,0.082403,0.004729,0.043253,0.00315,0.067223,0.004184,0.086735,0.003304,0.072493,0.003947,0.346967,0.0015,0.073717,0.003959,0.071269,0.001036,0.180295,0.000686,0.525869,0.000964,0.2125,0.0
ensemble_disagreement_planner,heldout_mixed_non_smooth_stress,4,80,0.516667,0.047067,0.514494,0.047305,0.342426,0.001439,0.272567,0.005877,0.101503,0.0042,0.08331,0.004472,0.041443,0.002991,0.067598,0.004165,0.08717,0.003447,0.072974,0.003939,0.346354,0.00164,0.073843,0.003897,0.071972,0.001056,0.18072,0.000677,0.526031,0.000926,0.208333,0.0
ensemble_disagreement_planner,heldout_mixed_non_smooth_stress,5,80,0.522917,0.042996,0.520753,0.043051,0.34259,0.001662,0.27413,0.005864,0.101357,0.004352,0.083084,0.004522,0.041837,0.003089,0.067806,0.004077,0.086383,0.00342,0.073557,0.003785,0.347114,0.001827,0.073946,0.003807,0.07173,0.001109,0.180593,0.000663,0.52606,0.00094,0.145833,0.0
ensemble_disagreement_planner,heldout_mixed_non_smooth_stress,6,80,0.510417,0.041639,0.508416,0.041771,0.341656,0.001629,0.272912,0.006002,0.100986,0.004181,0.082753,0.004632,0.042432,0.003068,0.068242,0.004139,0.087082,0.003559,0.07343,0.004057,0.347446,0.001534,0.073612,0.004004,0.071518,0.001046,0.180699,0.000726,0.525891,0.000967,0.19375,0.0
ensemble_disagreement_planner,heldout_mixed_non_smooth_stress,7,80,0.458333,0.04667,0.456219,0.046681,0.34131,0.001378,0.273248,0.005885,0.101856,0.004103,0.08316,0.004515,0.041953,0.002899,0.067935,0.004021,0.08574,0.0033,0.072625,0.003879,0.347606,0.001451,0.074136,0.004006,0.071888,0.000962,0.181022,0.000659,0.526111,0.000926,0.26875,0.0
ensemble_disagreement_planner,heldout_mixed_non_smooth_stress,8,80,0.508333,0.048585,0.50626,0.048561,0.342311,0.001432,0.27281,0.005974,0.100904,0.004282,0.082882,0.004785,0.042233,0.003031,0.068007,0.004089,0.086464,0.003346,0.073051,0.003817,0.347946,0.00164,0.073889,0.003877,0.071955,0.000959,0.181332,0.000644,0.526024,0.000921,0.191667,0.0
ensemble_disagreement_planner,heldout_mixed_non_smooth_stress,9,80,0.5125,0.040998,0.510369,0.040925,0.343688,0.001596,0.273783,0.005902,0.101666,0.004139,0.083333,0.00467,0.042378,0.002962,0.067561,0.004176,0.086499,0.003379,0.073667,0.003768,0.348241,0.001558,0.073946,0.003954,0.071728,0.001146,0.181166,0.000615,0.526062,0.000926,0.183333,0.0
conformal_risk_filter,heldout_mixed_non_smooth_stress,0,80,0.516667,0.040512,0.51744,0.04048,0.327566,0.001753,0.27709,0.00629,0.100043,0.004181,0.072814,0.003931,0.032805,0.002791,0.069291,0.004304,0.084827,0.003555,0.072301,0.003897,0.34042,0.00166,0.07072,0.003963,0.061162,0.001142,0.190764,0.00076,0.582989,0.000911,0.183333,0.0
conformal_risk_filter,heldout_mixed_non_smooth_stress,1,80,0.475,0.035869,0.475925,0.036081,0.327503,0.001682,0.277125,0.00619,0.100141,0.004365,0.072116,0.003957,0.031787,0.002702,0.069334,0.004322,0.084726,0.003349,0.072177,0.003679,0.340726,0.001844,0.071061,0.00398,0.061373,0.001014,0.190778,0.000705,0.583164,0.000903,0.2125,0.0
conformal_risk_filter,heldout_mixed_non_smooth_stress,2,80,0.5375,0.047201,0.538051,0.04764,0.328542,0.001402,0.276897,0.006179,0.100228,0.004016,0.072515,0.003928,0.033148,0.002708,0.06868,0.004513,0.08415,0.003338,0.071877,0.00375,0.339793,0.001973,0.071454,0.003774,0.061037,0.001114,0.190803,0.000701,0.583015,0.000916,0.1375,0.0
conformal_risk_filter,heldout_mixed_non_smooth_stress,3,80,0.495833,0.044627,0.496292,0.044876,0.32684,0.001381,0.277322,0.006234,0.100308,0.003998,0.07262,0.003873,0.033592,0.002564,0.068965,0.004333,0.084119,0.00339,0.071972,0.003824,0.340901,0.001676,0.071418,0.004156,0.061402,0.000933,0.191069,0.000593,0.582989,0.000886,0.210417,0.0
conformal_risk_filter,heldout_mixed_non_smooth_stress,4,80,0.460417,0.045847,0.461236,0.046212,0.32859,0.001374,0.27738,0.006155,0.099975,0.004214,0.073548,0.004205,0.032895,0.002651,0.068906,0.004233,0.084814,0.003451,0.071697,0.003958,0.340213,0.001828,0.072054,0.003942,0.060439,0.001024,0.191436,0.000686,0.583003,0.000881,0.264583,0.0
conformal_risk_filter,heldout_mixed_non_smooth_stress,5,80,0.502083,0.042103,0.50324,0.042126,0.328219,0.001512,0.277279,0.00606,0.09967,0.004193,0.072309,0.004032,0.032535,0.002463,0.069112,0.004403,0.085044,0.00343,0.071666,0.00376,0.339756,0.001882,0.071291,0.003812,0.060939,0.001071,0.190257,0.000657,0.58299,0.000849,0.166667,0.0
conformal_risk_filter,heldout_mixed_non_smooth_stress,6,80,0.491667,0.042663,0.49233,0.042674,0.32586,0.001531,0.27744,0.006436,0.099944,0.004359,0.073163,0.003969,0.032849,0.002561,0.06914,0.004148,0.083902,0.003508,0.072501,0.003815,0.340727,0.00182,0.071454,0.003958,0.060821,0.001144,0.191296,0.000658,0.58309,0.000867,0.2125,0.0
conformal_risk_filter,heldout_mixed_non_smooth_stress,7,80,0.50625,0.050475,0.506744,0.050568,0.328283,0.001355,0.27618,0.006261,0.099637,0.0042,0.073243,0.003718,0.033757,0.002506,0.06892,0.004271,0.08398,0.003415,0.071733,0.003909,0.339608,0.001755,0.071526,0.003858,0.061097,0.000956,0.190652,0.000618,0.582903,0.000861,0.220833,0.0
conformal_risk_filter,heldout_mixed_non_smooth_stress,8,80,0.51875,0.046122,0.519565,0.046407,0.32785,0.001546,0.277361,0.006012,0.10049,0.003979,0.072115,0.003842,0.032885,0.00267,0.068927,0.004344,0.084301,0.003475,0.072122,0.003773,0.340422,0.001587,0.072096,0.00395,0.060849,0.000989,0.1903,0.000594,0.583056,0.000869,0.18125,0.0
conformal_risk_filter,heldout_mixed_non_smooth_stress,9,80,0.489583,0.044766,0.490463,0.044894,0.327764,0.001676,0.276906,0.005941,0.09963,0.004046,0.071691,0.004065,0.033331,0.002734,0.069121,0.004439,0.084856,0.003528,0.071724,0.003927,0.340764,0.001721,0.071533,0.00394,0.061333,0.001001,0.191185,0.0006,0.582946,0.000918,0.20625,0.0
smooth_dynamics_world_model,heldout_mixed_non_smooth_stress,0,80,0.439583,0.045477,0.399853,0.045447,0.243847,0.001764,0.313601,0.007249,0.135565,0.005703,0.115794,0.007114,0.067993,0.004078,0.086035,0.005127,0.122966,0.004619,0.085072,0.004464,0.232187,0.00192,0.098421,0.004866,0.107142,0.001092,0.156907,0.000752,0.366491,0.001215,0.260417,0.0
smooth_dynamics_world_model,heldout_mixed_non_smooth_stress,1,80,0.4375,0.054319,0.39828,0.054189,0.244131,0.001554,0.313573,0.007375,0.136462,0.005652,0.11508,0.007169,0.068228,0.004006,0.086774,0.005272,0.122643,0.004591,0.085496,0.00444,0.231442,0.00154,0.09822,0.00518,0.10837,0.001142,0.157524,0.00062,0.366363,0.001213,0.25,0.0
smooth_dynamics_world_model,heldout_mixed_non_smooth_stress,2,80,0.429167,0.041408,0.38873,0.041358,0.246956,0.001667,0.313516,0.007339,0.135979,0.00563,0.11601,0.007204,0.069076,0.0043,0.087301,0.005244,0.122978,0.00465,0.085544,0.004453,0.232439,0.001872,0.09927,0.005139,0.108226,0.001146,0.157092,0.000609,0.366217,0.001282,0.245833,0.0
smooth_dynamics_world_model,heldout_mixed_non_smooth_stress,3,80,0.425,0.041459,0.38447,0.041486,0.244412,0.001622,0.313176,0.007146,0.136585,0.005703,0.115884,0.007054,0.069027,0.004106,0.086544,0.005178,0.122553,0.004558,0.085563,0.004503,0.231579,0.001698,0.098957,0.005062,0.108273,0.001168,0.156931,0.000631,0.366282,0.001258,0.28125,0.0
smooth_dynamics_world_model,heldout_mixed_non_smooth_stress,4,80,0.4625,0.047557,0.422192,0.048007,0.24537,0.001714,0.31333,0.007534,0.136923,0.005662,0.115488,0.007093,0.067808,0.004225,0.087066,0.005207,0.122837,0.004572,0.086084,0.004496,0.231217,0.002035,0.098148,0.00505,0.108127,0.001136,0.157297,0.000673,0.366368,0.001281,0.2625,0.0
smooth_dynamics_world_model,heldout_mixed_non_smooth_stress,5,80,0.472917,0.044044,0.431664,0.044055,0.243201,0.001472,0.313455,0.007331,0.136682,0.005973,0.116001,0.00707,0.068452,0.004104,0.087136,0.00515,0.121773,0.004572,0.086203,0.004484,0.231164,0.0018,0.099068,0.005262,0.108204,0.001092,0.157106,0.000668,0.366347,0.001212,0.195833,0.0
smooth_dynamics_world_model,heldout_mixed_non_smooth_stress,6,80,0.458333,0.042106,0.418062,0.042086,0.245188,0.00149,0.313672,0.007383,0.136402,0.00584,0.115958,0.007109,0.067826,0.004191,0.087205,0.005424,0.12317,0.004591,0.085606,0.00442,0.231772,0.001433,0.099573,0.005252,0.108418,0.001078,0.156996,0.000662,0.366358,0.001274,0.245833,0.0
smooth_dynamics_world_model,heldout_mixed_non_smooth_stress,7,80,0.477083,0.040986,0.435355,0.041875,0.244663,0.001547,0.313473,0.007341,0.13634,0.005797,0.115981,0.007052,0.068112,0.004275,0.087101,0.005237,0.123061,0.004683,0.085671,0.004501,0.231009,0.001717,0.099817,0.005121,0.10795,0.00114,0.157213,0.000619,0.366289,0.001272,0.25,0.0
smooth_dynamics_world_model,heldout_mixed_non_smooth_stress,8,80,0.4375,0.048052,0.399674,0.046879,0.244636,0.001557,0.31365,0.007443,0.136104,0.005867,0.115668,0.007028,0.068611,0.004159,0.086169,0.005229,0.12207,0.004453,0.086187,0.004393,0.233195,0.001802,0.098765,0.004953,0.108725,0.001167,0.157093,0.000673,0.366518,0.001252,0.2625,0.0
smooth_dynamics_world_model,heldout_mixed_non_smooth_stress,9,80,0.458333,0.038765,0.416948,0.039414,0.244874,0.001424,0.313147,0.007176,0.137208,0.00573,0.115724,0.007195,0.067768,0.004164,0.085816,0.005235,0.122287,0.004486,0.086131,0.004476,0.23384,0.001798,0.09899,0.0051,0.1086,0.001143,0.157147,0.000625,0.366701,0.00122,0.2375,0.0
contact_implicit_mpc,heldout_mixed_non_smooth_stress,0,80,0.489583,0.042043,0.49514,0.042137,0.379358,0.001433,0.261191,0.004873,0.077989,0.002813,0.077752,0.004076,0.04493,0.002994,0.067171,0.003758,0.071455,0.002916,0.067543,0.003307,0.385155,0.001891,0.063004,0.003087,0.081949,0.000991,0.175853,0.000634,0.489136,0.000889,0.210417,0.0
contact_implicit_mpc,heldout_mixed_non_smooth_stress,1,80,0.477083,0.048877,0.48304,0.048606,0.380765,0.001318,0.261312,0.004726,0.077444,0.002758,0.077766,0.00436,0.045446,0.002763,0.067227,0.003687,0.070826,0.00306,0.068066,0.003305,0.383388,0.002043,0.062259,0.003157,0.082418,0.00098,0.176257,0.000595,0.488998,0.000859,0.210417,0.0
contact_implicit_mpc,heldout_mixed_non_smooth_stress,2,80,0.560417,0.041191,0.566507,0.041503,0.381862,0.001542,0.261814,0.004972,0.076881,0.003013,0.077398,0.003862,0.045965,0.002985,0.067545,0.003619,0.07025,0.003062,0.067136,0.003233,0.384406,0.001863,0.063993,0.002965,0.082024,0.00101,0.176603,0.000704,0.488995,0.00086,0.114583,0.0
contact_implicit_mpc,heldout_mixed_non_smooth_stress,3,80,0.489583,0.044005,0.49574,0.044127,0.381131,0.001584,0.261731,0.004961,0.077814,0.002898,0.077111,0.004271,0.045494,0.003057,0.067098,0.003774,0.070934,0.002948,0.06719,0.003373,0.384426,0.001914,0.063228,0.003078,0.081968,0.001024,0.176246,0.000703,0.489057,0.000914,0.216667,0.0
contact_implicit_mpc,heldout_mixed_non_smooth_stress,4,80,0.497917,0.042502,0.504197,0.042507,0.381429,0.001426,0.261554,0.004893,0.078107,0.002986,0.076817,0.004191,0.045872,0.003063,0.066089,0.003809,0.070617,0.003126,0.067233,0.003462,0.385523,0.001893,0.062367,0.003007,0.082538,0.001094,0.175922,0.000683,0.489192,0.000909,0.227083,0.0
contact_implicit_mpc,heldout_mixed_non_smooth_stress,5,80,0.5375,0.050652,0.543289,0.050786,0.380178,0.00145,0.26166,0.005048,0.07761,0.002898,0.077672,0.004057,0.045158,0.003173,0.067741,0.003707,0.071316,0.003202,0.067579,0.003241,0.385466,0.001641,0.06344,0.00305,0.081733,0.001038,0.17623,0.000697,0.489075,0.00092,0.13125,0.0
contact_implicit_mpc,heldout_mixed_non_smooth_stress,6,80,0.510417,0.04625,0.516459,0.046299,0.381289,0.001495,0.261879,0.005113,0.078207,0.00278,0.07686,0.004246,0.044973,0.0029,0.06766,0.003628,0.071197,0.003175,0.06722,0.003384,0.384212,0.001768,0.063498,0.003131,0.082284,0.001121,0.175914,0.000572,0.489045,0.000846,0.19375,0.0
contact_implicit_mpc,heldout_mixed_non_smooth_stress,7,80,0.502083,0.047029,0.50817,0.047126,0.382001,0.001694,0.261485,0.004941,0.079352,0.002717,0.077301,0.004166,0.045388,0.003065,0.067157,0.003593,0.071346,0.00308,0.067374,0.003179,0.384505,0.00185,0.062794,0.003272,0.081682,0.000909,0.176413,0.000645,0.489039,0.000846,0.225,0.0
contact_implicit_mpc,heldout_mixed_non_smooth_stress,8,80,0.535417,0.043755,0.541341,0.043947,0.380397,0.001452,0.26083,0.004901,0.078091,0.002763,0.07752,0.00395,0.04557,0.002934,0.066381,0.003783,0.071514,0.002985,0.067045,0.003248,0.383572,0.001693,0.062895,0.003238,0.081705,0.001122,0.176819,0.000701,0.48902,0.000888,0.164583,0.0
contact_implicit_mpc,heldout_mixed_non_smooth_stress,9,80,0.497917,0.042103,0.504022,0.042564,0.380533,0.001337,0.261656,0.004732,0.077852,0.002952,0.077531,0.004158,0.045707,0.002945,0.067253,0.003743,0.069679,0.003081,0.066974,0.003018,0.384849,0.001698,0.062845,0.003041,0.081658,0.000839,0.176803,0.000681,0.489135,0.000895,0.197917,0.0
complementarity_residual_planner,heldout_mixed_non_smooth_stress,0,80,0.504167,0.04648,0.516411,0.046107,0.403862,0.001422,0.253515,0.004557,0.067978,0.002608,0.073674,0.00398,0.043064,0.002657,0.064362,0.003376,0.064937,0.003203,0.067569,0.003401,0.409155,0.001708,0.061584,0.002828,0.079631,0.000905,0.177968,0.00062,0.509659,0.000798,0.195833,0.0
complementarity_residual_planner,heldout_mixed_non_smooth_stress,1,80,0.547917,0.048339,0.559588,0.048318,0.403088,0.00151,0.254893,0.00456,0.067704,0.002341,0.074746,0.003861,0.043977,0.002998,0.064302,0.003479,0.064585,0.003147,0.06684,0.003341,0.409588,0.001655,0.061471,0.003066,0.078554,0.001102,0.178129,0.000703,0.509582,0.000873,0.139583,0.0
complementarity_residual_planner,heldout_mixed_non_smooth_stress,2,80,0.525,0.045794,0.53778,0.045748,0.40495,0.001446,0.253438,0.004668,0.066344,0.002407,0.074444,0.003783,0.043317,0.002946,0.064721,0.003648,0.064776,0.003024,0.067597,0.003302,0.41025,0.001784,0.060786,0.003104,0.078426,0.000961,0.177657,0.000643,0.509663,0.000868,0.15,0.0
complementarity_residual_planner,heldout_mixed_non_smooth_stress,3,80,0.510417,0.045142,0.523385,0.045556,0.404947,0.001531,0.253494,0.004732,0.068235,0.002348,0.073967,0.003932,0.04263,0.002928,0.063934,0.003433,0.064778,0.002958,0.067802,0.003403,0.408756,0.001803,0.060829,0.003024,0.078616,0.000887,0.177216,0.000625,0.509755,0.00085,0.195833,0.0
complementarity_residual_planner,heldout_mixed_non_smooth_stress,4,80,0.510417,0.042443,0.523415,0.042426,0.405174,0.001733,0.254741,0.004721,0.068102,0.002478,0.073724,0.003846,0.04346,0.003122,0.064446,0.00348,0.065612,0.003123,0.066754,0.003517,0.410546,0.001928,0.061394,0.003001,0.078982,0.000888,0.17722,0.000617,0.50962,0.000864,0.214583,0.0
complementarity_residual_planner,heldout_mixed_non_smooth_stress,5,80,0.539583,0.051073,0.552072,0.051196,0.405483,0.001395,0.253956,0.004817,0.068133,0.002315,0.073875,0.003819,0.043155,0.002681,0.064311,0.003505,0.064841,0.003055,0.067498,0.003522,0.407641,0.001775,0.061435,0.003175,0.079496,0.001107,0.177767,0.000605,0.509567,0.00083,0.129167,0.0
complementarity_residual_planner,heldout_mixed_non_smooth_stress,6,80,0.5375,0.044247,0.549762,0.043899,0.404233,0.0016,0.255292,0.004615,0.067709,0.002204,0.074602,0.003906,0.042839,0.002855,0.064364,0.003441,0.065051,0.003101,0.067159,0.003398,0.409376,0.001677,0.062187,0.002942,0.078619,0.0011,0.177882,0.000645,0.509696,0.000836,0.166667,0.0
complementarity_residual_planner,heldout_mixed_non_smooth_stress,7,80,0.5125,0.047129,0.525099,0.047709,0.40385,0.001559,0.253999,0.004623,0.068036,0.002362,0.073957,0.003711,0.044124,0.002921,0.06457,0.003445,0.065702,0.003089,0.066776,0.003284,0.409169,0.001818,0.061522,0.002984,0.07852,0.001052,0.177936,0.00062,0.509418,0.000827,0.214583,0.0
complementarity_residual_planner,heldout_mixed_non_smooth_stress,8,80,0.5125,0.046407,0.524608,0.046202,0.403154,0.001524,0.254221,0.004737,0.066985,0.002305,0.074053,0.003863,0.043369,0.002915,0.064416,0.003679,0.064777,0.003227,0.067254,0.003401,0.408719,0.001817,0.062225,0.003092,0.079574,0.001009,0.177134,0.000648,0.509594,0.000853,0.1875,0.0
complementarity_residual_planner,heldout_mixed_non_smooth_stress,9,80,0.504167,0.041895,0.517271,0.041952,0.404936,0.001698,0.254414,0.00457,0.067126,0.002489,0.073569,0.003993,0.043129,0.002825,0.063792,0.003505,0.06475,0.002885,0.067663,0.003428,0.409625,0.00181,0.061579,0.002956,0.079354,0.000955,0.177588,0.000624,0.509749,0.00085,0.191667,0.0
robust_hybrid_mpc,heldout_mixed_non_smooth_stress,0,80,0.55625,0.04997,0.576805,0.049867,0.417392,0.001195,0.243474,0.004501,0.072488,0.002536,0.064072,0.003089,0.033818,0.002239,0.058904,0.003181,0.062998,0.002795,0.062094,0.002996,0.431066,0.001693,0.052863,0.002641,0.070195,0.000902,0.192102,0.000615,0.559061,0.000724,0.14375,0.0
robust_hybrid_mpc,heldout_mixed_non_smooth_stress,1,80,0.535417,0.050223,0.555754,0.049845,0.416608,0.001371,0.244228,0.004219,0.07134,0.002567,0.064558,0.003086,0.03381,0.002487,0.057753,0.003297,0.062213,0.00278,0.061728,0.003051,0.431918,0.001691,0.053003,0.00273,0.069113,0.001009,0.192495,0.000621,0.559291,0.000763,0.152083,0.0
robust_hybrid_mpc,heldout_mixed_non_smooth_stress,2,80,0.577083,0.041477,0.597865,0.041338,0.417999,0.001521,0.242892,0.004366,0.070899,0.002528,0.064252,0.003166,0.034246,0.00246,0.058333,0.003185,0.062653,0.002805,0.063013,0.003119,0.430943,0.001722,0.053679,0.002467,0.069132,0.000906,0.192659,0.000584,0.559074,0.00075,0.097917,0.0
robust_hybrid_mpc,heldout_mixed_non_smooth_stress,3,80,0.55625,0.039815,0.576727,0.039705,0.415935,0.00174,0.244099,0.00431,0.072281,0.002516,0.063426,0.00299,0.033653,0.002406,0.058404,0.003251,0.06347,0.002807,0.063293,0.002901,0.430081,0.001565,0.053137,0.002626,0.069767,0.001054,0.192572,0.000564,0.559039,0.000768,0.15,0.0
robust_hybrid_mpc,heldout_mixed_non_smooth_stress,4,80,0.516667,0.045609,0.536984,0.045086,0.417087,0.001424,0.243737,0.004581,0.07144,0.002697,0.063563,0.003254,0.033951,0.0025,0.058199,0.003384,0.062511,0.002632,0.062676,0.003004,0.430719,0.001766,0.053077,0.002722,0.06945,0.001062,0.191946,0.000648,0.55913,0.000731,0.208333,0.0
robust_hybrid_mpc,heldout_mixed_non_smooth_stress,5,80,0.525,0.042742,0.54566,0.043122,0.417071,0.001515,0.245025,0.004281,0.071262,0.002654,0.064618,0.002993,0.034662,0.002341,0.058655,0.003382,0.06273,0.002789,0.062061,0.002998,0.42986,0.002073,0.052723,0.002574,0.069489,0.000803,0.192101,0.000647,0.558908,0.000742,0.14375,0.0
robust_hybrid_mpc,heldout_mixed_non_smooth_stress,6,80,0.527083,0.043659,0.547771,0.043624,0.416528,0.001471,0.244299,0.004572,0.071535,0.002584,0.064452,0.003009,0.03349,0.00246,0.058128,0.003342,0.062688,0.002726,0.062783,0.002996,0.431357,0.001733,0.052861,0.002727,0.068826,0.000991,0.19175,0.000647,0.55923,0.00074,0.177083,0.0
robust_hybrid_mpc,heldout_mixed_non_smooth_stress,7,80,0.502083,0.044063,0.522706,0.043957,0.417559,0.001416,0.244358,0.004402,0.071532,0.002449,0.064355,0.003043,0.033642,0.002361,0.058479,0.003088,0.063018,0.002828,0.062304,0.003086,0.431333,0.00159,0.05298,0.002625,0.069654,0.000995,0.192453,0.000583,0.559144,0.000751,0.225,0.0
robust_hybrid_mpc,heldout_mixed_non_smooth_stress,8,80,0.535417,0.043755,0.556032,0.043824,0.418249,0.001588,0.243803,0.004315,0.070689,0.002638,0.06389,0.003173,0.033405,0.002307,0.057564,0.003264,0.06309,0.002704,0.06225,0.002962,0.433171,0.001853,0.05285,0.0027,0.069027,0.000856,0.191979,0.000686,0.559376,0.000722,0.164583,0.0
robust_hybrid_mpc,heldout_mixed_non_smooth_stress,9,80,0.53125,0.044292,0.551399,0.044137,0.417629,0.001429,0.244276,0.00445,0.07072,0.002611,0.064894,0.003153,0.033727,0.00217,0.057905,0.003097,0.062422,0.002731,0.062658,0.002969,0.432205,0.001962,0.053267,0.002617,0.070227,0.000909,0.192249,0.000705,0.559289,0.00074,0.164583,0.0
learned_contact_classifier,heldout_mixed_non_smooth_stress,0,80,0.545833,0.046115,0.552058,0.046189,0.414689,0.00163,0.25294,0.005363,0.099045,0.004073,0.086403,0.004718,0.047866,0.003261,0.060108,0.002914,0.081114,0.00303,0.062964,0.003481,0.388443,0.001899,0.071444,0.003541,0.076623,0.000947,0.171023,0.000707,0.476827,0.000853,0.154167,0.0
learned_contact_classifier,heldout_mixed_non_smooth_stress,1,80,0.522917,0.045662,0.528974,0.045799,0.413713,0.001501,0.253868,0.005388,0.098994,0.003994,0.085699,0.004584,0.046581,0.003232,0.060838,0.003021,0.081053,0.002884,0.063513,0.003599,0.389484,0.001573,0.071821,0.003857,0.075816,0.001078,0.170777,0.00072,0.477014,0.000854,0.164583,0.0
learned_contact_classifier,heldout_mixed_non_smooth_stress,2,80,0.520833,0.043243,0.5272,0.043255,0.413807,0.001497,0.253862,0.004797,0.099009,0.003938,0.085603,0.004631,0.048284,0.003234,0.060969,0.002864,0.081097,0.00315,0.062862,0.003393,0.389643,0.001643,0.07144,0.003687,0.076278,0.000963,0.171265,0.000573,0.476751,0.000858,0.154167,0.0
learned_contact_classifier,heldout_mixed_non_smooth_stress,3,80,0.5125,0.04677,0.518693,0.046472,0.413119,0.001307,0.252697,0.004981,0.098765,0.004061,0.085383,0.004761,0.047939,0.00332,0.06021,0.003113,0.081079,0.002979,0.063588,0.003651,0.390016,0.001582,0.072477,0.003729,0.076138,0.00089,0.171346,0.00067,0.476903,0.000858,0.19375,0.0
learned_contact_classifier,heldout_mixed_non_smooth_stress,4,80,0.554167,0.045674,0.560682,0.045816,0.414227,0.001434,0.253461,0.004991,0.099856,0.004151,0.085174,0.004853,0.047283,0.003203,0.060135,0.003128,0.080594,0.003012,0.063242,0.003457,0.389942,0.001757,0.070888,0.003579,0.076683,0.000955,0.171084,0.000642,0.477043,0.000854,0.170833,0.0
learned_contact_classifier,heldout_mixed_non_smooth_stress,5,80,0.483333,0.049854,0.489472,0.050058,0.412452,0.001623,0.253814,0.00518,0.099237,0.003912,0.08495,0.004747,0.047107,0.003235,0.061498,0.003011,0.081984,0.002864,0.063277,0.003594,0.389259,0.001775,0.071439,0.003601,0.076252,0.000963,0.171714,0.000683,0.476781,0.000846,0.185417,0.0
learned_contact_classifier,heldout_mixed_non_smooth_stress,6,80,0.539583,0.044728,0.545948,0.044735,0.414372,0.001464,0.253428,0.005152,0.099471,0.003838,0.085446,0.004855,0.047767,0.0033,0.059478,0.003133,0.081588,0.003075,0.062838,0.003482,0.389682,0.001756,0.07141,0.003739,0.076278,0.000951,0.171619,0.00062,0.476941,0.000882,0.164583,0.0
learned_contact_classifier,heldout_mixed_non_smooth_stress,7,80,0.5625,0.048052,0.568572,0.047922,0.415119,0.001749,0.252682,0.005264,0.098933,0.003934,0.08484,0.004712,0.04701,0.003071,0.060323,0.003011,0.081466,0.002984,0.063998,0.003445,0.389944,0.00168,0.070651,0.003731,0.076106,0.000999,0.171515,0.000568,0.476996,0.000845,0.164583,0.0
learned_contact_classifier,heldout_mixed_non_smooth_stress,8,80,0.514583,0.043172,0.521149,0.043271,0.41348,0.001637,0.25311,0.004969,0.099521,0.00395,0.08509,0.004697,0.046594,0.003358,0.061055,0.003033,0.081441,0.002976,0.0629,0.003437,0.390356,0.001454,0.071524,0.003592,0.075638,0.001022,0.17134,0.000707,0.477011,0.000883,0.185417,0.0
learned_contact_classifier,heldout_mixed_non_smooth_stress,9,80,0.485417,0.045458,0.492015,0.045782,0.41319,0.001499,0.252647,0.005238,0.099034,0.004064,0.085478,0.004697,0.046544,0.003204,0.060439,0.003021,0.081346,0.002962,0.062872,0.00352,0.389772,0.001675,0.071598,0.003538,0.076188,0.001144,0.170524,0.000657,0.477053,0.000842,0.210417,0.0
energy_barrier_policy,heldout_mixed_non_smooth_stress,0,80,0.504167,0.048957,0.511142,0.048953,0.356867,0.001593,0.266651,0.005044,0.088209,0.003488,0.063519,0.00312,0.036389,0.002626,0.06786,0.003932,0.073267,0.002926,0.067392,0.00294,0.369606,0.001792,0.043335,0.001964,0.074142,0.00104,0.183834,0.000692,0.543271,0.000861,0.195833,0.0
energy_barrier_policy,heldout_mixed_non_smooth_stress,1,80,0.514583,0.045458,0.521957,0.045569,0.355589,0.001464,0.267178,0.005315,0.087867,0.003468,0.063098,0.003032,0.036279,0.002484,0.067918,0.004079,0.073658,0.003007,0.067652,0.003162,0.368551,0.001801,0.043288,0.002058,0.074377,0.001021,0.183592,0.000644,0.543187,0.000847,0.172917,0.0
energy_barrier_policy,heldout_mixed_non_smooth_stress,2,80,0.483333,0.045609,0.490666,0.045683,0.354936,0.001319,0.266584,0.005212,0.087873,0.003441,0.06324,0.002812,0.036674,0.002482,0.06687,0.003976,0.073318,0.002865,0.066947,0.003409,0.369219,0.001749,0.043298,0.002021,0.073988,0.000898,0.18376,0.00072,0.5433,0.000825,0.191667,0.0
energy_barrier_policy,heldout_mixed_non_smooth_stress,3,80,0.552083,0.047422,0.559358,0.047353,0.355323,0.001416,0.267047,0.005123,0.087338,0.003487,0.063296,0.00302,0.036825,0.002574,0.067119,0.004001,0.073192,0.002951,0.067038,0.003128,0.369617,0.001748,0.042937,0.002065,0.074493,0.001038,0.184059,0.000649,0.543286,0.000824,0.154167,0.0
energy_barrier_policy,heldout_mixed_non_smooth_stress,4,80,0.48125,0.040258,0.489148,0.040526,0.35496,0.001469,0.266513,0.005062,0.087404,0.003429,0.062863,0.002936,0.035851,0.002522,0.066623,0.003972,0.072448,0.00278,0.067164,0.003272,0.370487,0.001512,0.043199,0.002083,0.073943,0.001,0.183787,0.000715,0.543593,0.000828,0.24375,0.0
energy_barrier_policy,heldout_mixed_non_smooth_stress,5,80,0.489583,0.045142,0.496838,0.045589,0.355509,0.001332,0.267377,0.005311,0.088523,0.003494,0.064292,0.002925,0.036535,0.002612,0.067817,0.004068,0.073245,0.002795,0.066572,0.003198,0.370801,0.001809,0.043437,0.002145,0.07426,0.001,0.184286,0.000611,0.543327,0.000806,0.179167,0.0
energy_barrier_policy,heldout_mixed_non_smooth_stress,6,80,0.50625,0.04592,0.513786,0.046229,0.355759,0.001595,0.266497,0.005242,0.087829,0.003582,0.064185,0.00305,0.036941,0.00256,0.067732,0.00398,0.073418,0.002992,0.066573,0.003217,0.369528,0.00177,0.043783,0.002249,0.074037,0.000945,0.184116,0.000681,0.543184,0.00084,0.197917,0.0
energy_barrier_policy,heldout_mixed_non_smooth_stress,7,80,0.516667,0.045237,0.523713,0.04526,0.354554,0.001325,0.26745,0.0053,0.087033,0.003268,0.063572,0.002874,0.036019,0.002452,0.068756,0.003891,0.073657,0.002827,0.067661,0.003117,0.369992,0.002074,0.04332,0.001873,0.073955,0.000872,0.184248,0.000684,0.543228,0.000807,0.210417,0.0
energy_barrier_policy,heldout_mixed_non_smooth_stress,8,80,0.504167,0.046115,0.511565,0.045993,0.35556,0.001535,0.267936,0.004894,0.088684,0.003413,0.062874,0.002928,0.036128,0.002631,0.067461,0.003853,0.073767,0.002829,0.066056,0.003279,0.368796,0.001509,0.042686,0.001966,0.073496,0.000988,0.184251,0.00059,0.543261,0.000828,0.195833,0.0
energy_barrier_policy,heldout_mixed_non_smooth_stress,9,80,0.485417,0.046921,0.493151,0.046731,0.356208,0.001667,0.265691,0.005135,0.087919,0.003398,0.063137,0.003016,0.036514,0.002518,0.06776,0.00388,0.073388,0.002836,0.066456,0.003277,0.368412,0.001875,0.042661,0.002181,0.074146,0.000963,0.183708,0.000629,0.543181,0.000832,0.210417,0.0
proposed_contact_mode_boundary_atlas_v4,heldout_mixed_non_smooth_stress,0,80,0.560417,0.042403,0.600514,0.042367,0.496649,0.001591,0.213246,0.003416,0.05656,0.002024,0.060398,0.002741,0.028704,0.002062,0.044559,0.002382,0.044304,0.001846,0.054262,0.00261,0.50229,0.00169,0.045086,0.002185,0.053406,0.000852,0.185629,0.000579,0.577032,0.000592,0.139583,0.0
proposed_contact_mode_boundary_atlas_v4,heldout_mixed_non_smooth_stress,1,80,0.625,0.0429,0.662915,0.042136,0.495578,0.001648,0.212659,0.0033,0.055471,0.002018,0.059215,0.002857,0.030478,0.002223,0.044317,0.002538,0.044678,0.001678,0.053927,0.002552,0.501763,0.001744,0.044915,0.002038,0.053669,0.000817,0.185618,0.000682,0.576728,0.000605,0.0625,0.0
proposed_contact_mode_boundary_atlas_v4,heldout_mixed_non_smooth_stress,2,80,0.558333,0.042742,0.597846,0.042139,0.496321,0.001416,0.21273,0.003583,0.056498,0.001931,0.060035,0.002789,0.029879,0.002215,0.044706,0.00239,0.044159,0.001787,0.053992,0.002591,0.501488,0.001948,0.045743,0.002417,0.053775,0.000867,0.184845,0.000723,0.576804,0.000592,0.116667,0.0
proposed_contact_mode_boundary_atlas_v4,heldout_mixed_non_smooth_stress,3,80,0.6125,0.040584,0.651551,0.040065,0.495279,0.001519,0.212471,0.003327,0.056107,0.002138,0.059863,0.0027,0.029285,0.002172,0.044583,0.002276,0.044229,0.001512,0.054374,0.002632,0.502769,0.001529,0.04499,0.002202,0.053414,0.00088,0.185174,0.000703,0.576977,0.000572,0.09375,0.0
proposed_contact_mode_boundary_atlas_v4,heldout_mixed_non_smooth_stress,4,80,0.583333,0.042306,0.622361,0.041792,0.495453,0.001444,0.212593,0.003338,0.056444,0.002139,0.060704,0.002705,0.029039,0.002275,0.044813,0.002481,0.044464,0.00177,0.052601,0.002367,0.502874,0.00178,0.04531,0.002377,0.053818,0.000982,0.184966,0.000717,0.576978,0.000619,0.141667,0.0
proposed_contact_mode_boundary_atlas_v4,heldout_mixed_non_smooth_stress,5,80,0.591667,0.048931,0.630707,0.048402,0.495467,0.001547,0.212583,0.003335,0.056664,0.002066,0.059622,0.002883,0.029613,0.002405,0.044352,0.002437,0.043829,0.001633,0.05429,0.00251,0.501147,0.001716,0.045802,0.002341,0.05377,0.000919,0.185612,0.00061,0.576885,0.000614,0.077083,0.0
proposed_contact_mode_boundary_atlas_v4,heldout_mixed_non_smooth_stress,6,80,0.61875,0.044709,0.656577,0.04347,0.496302,0.001436,0.213618,0.003342,0.055805,0.002026,0.060376,0.002862,0.028809,0.00238,0.045594,0.002386,0.044631,0.001636,0.054303,0.002499,0.501935,0.001748,0.045391,0.002212,0.053974,0.000987,0.185198,0.000546,0.576865,0.000613,0.085417,0.0
proposed_contact_mode_boundary_atlas_v4,heldout_mixed_non_smooth_stress,7,80,0.585417,0.045755,0.625041,0.04544,0.496024,0.00165,0.213088,0.003456,0.055543,0.001999,0.059712,0.002859,0.0294,0.002303,0.04509,0.002453,0.043315,0.001741,0.052806,0.002566,0.502598,0.001769,0.04505,0.002417,0.053216,0.000816,0.185458,0.000628,0.576972,0.000588,0.141667,0.0
proposed_contact_mode_boundary_atlas_v4,heldout_mixed_non_smooth_stress,8,80,0.572917,0.047154,0.611055,0.046178,0.496822,0.001799,0.212315,0.003383,0.056519,0.001863,0.060251,0.002785,0.029863,0.002193,0.044875,0.002279,0.044988,0.001584,0.054048,0.002726,0.503583,0.001763,0.045341,0.002294,0.053074,0.000838,0.18501,0.000625,0.576849,0.000571,0.127083,0.0
proposed_contact_mode_boundary_atlas_v4,heldout_mixed_non_smooth_stress,9,80,0.6125,0.049913,0.648561,0.048476,0.497527,0.001687,0.213032,0.003309,0.05662,0.001892,0.060955,0.002615,0.029578,0.002228,0.044001,0.002344,0.044527,0.001778,0.054622,0.002686,0.502759,0.001718,0.045679,0.002247,0.05407,0.001043,0.184819,0.000642,0.576967,0.000559,0.083333,0.0
contact_mode_boundary_audit_v5,heldout_mixed_non_smooth_stress,0,80,0.664583,0.042502,0.727301,0.040786,0.572234,0.001624,0.171272,0.001727,0.040739,0.001467,0.045974,0.001595,0.011314,0.00116,0.027487,0.001423,0.029257,0.0013,0.034266,0.00099,0.588735,0.001791,0.019185,0.001062,0.0304,0.000806,0.19511,0.000621,0.646738,0.00034,0.035417,0.0
contact_mode_boundary_audit_v5,heldout_mixed_non_smooth_stress,1,80,0.679167,0.042614,0.740076,0.040377,0.572294,0.001492,0.172793,0.00172,0.040975,0.00137,0.045378,0.001693,0.011752,0.001268,0.027293,0.001354,0.028581,0.001103,0.034966,0.001146,0.588012,0.00162,0.019611,0.001177,0.02943,0.000895,0.194641,0.00068,0.646702,0.000301,0.008333,0.0
contact_mode_boundary_audit_v5,heldout_mixed_non_smooth_stress,2,80,0.70625,0.03732,0.76994,0.035835,0.572119,0.001701,0.171975,0.001745,0.040438,0.001598,0.046392,0.001786,0.011915,0.001134,0.026584,0.001321,0.028067,0.001284,0.034429,0.000933,0.590484,0.001566,0.019711,0.001062,0.029956,0.000827,0.195334,0.000722,0.646938,0.000313,0.0,0.0
contact_mode_boundary_audit_v5,heldout_mixed_non_smooth_stress,3,80,0.66875,0.04329,0.728929,0.040606,0.573693,0.001394,0.172456,0.001837,0.041622,0.001644,0.045408,0.00187,0.012902,0.001297,0.027115,0.001376,0.02914,0.001224,0.034169,0.000925,0.590239,0.001832,0.019386,0.001123,0.030293,0.000838,0.195019,0.000727,0.646636,0.000368,0.0375,0.0
contact_mode_boundary_audit_v5,heldout_mixed_non_smooth_stress,4,80,0.683333,0.04848,0.741657,0.045716,0.572018,0.001346,0.171981,0.001711,0.041119,0.001721,0.045932,0.001545,0.012027,0.001329,0.02766,0.001347,0.029291,0.001153,0.034169,0.001093,0.589076,0.00178,0.018853,0.001099,0.029353,0.000958,0.194727,0.000648,0.646631,0.000332,0.041667,0.0
contact_mode_boundary_audit_v5,heldout_mixed_non_smooth_stress,5,80,0.625,0.04368,0.691021,0.043011,0.571488,0.001497,0.172049,0.001721,0.041382,0.001605,0.044533,0.001677,0.011484,0.001243,0.027117,0.001474,0.029539,0.001307,0.034592,0.001094,0.589931,0.001759,0.019418,0.001116,0.030131,0.000795,0.195189,0.000714,0.646798,0.000324,0.04375,0.0
contact_mode_boundary_audit_v5,heldout_mixed_non_smooth_stress,6,80,0.685417,0.042701,0.745562,0.040146,0.57111,0.00181,0.17229,0.00189,0.041199,0.001431,0.04552,0.00173,0.011322,0.001156,0.026353,0.001704,0.02919,0.001305,0.033305,0.001009,0.589093,0.001513,0.019707,0.001045,0.029775,0.000911,0.195138,0.000699,0.646877,0.000352,0.01875,0.0
contact_mode_boundary_audit_v5,heldout_mixed_non_smooth_stress,7,80,0.63125,0.035678,0.696459,0.034471,0.572608,0.001688,0.170854,0.001661,0.041264,0.001512,0.045654,0.001661,0.012394,0.001137,0.026982,0.001553,0.028402,0.001258,0.034679,0.000976,0.589955,0.001707,0.019824,0.00113,0.029663,0.000756,0.194828,0.000567,0.646768,0.000339,0.095833,0.0
contact_mode_boundary_audit_v5,heldout_mixed_non_smooth_stress,8,80,0.627083,0.040779,0.692264,0.039759,0.571428,0.001446,0.172286,0.00194,0.041094,0.00144,0.04573,0.001417,0.011992,0.001253,0.027935,0.001479,0.028615,0.001132,0.034902,0.000974,0.590553,0.001797,0.020115,0.001214,0.030036,0.000953,0.195136,0.00065,0.646752,0.000328,0.072917,0.0
contact_mode_boundary_audit_v5,heldout_mixed_non_smooth_stress,9,80,0.6375,0.039317,0.70162,0.037869,0.571265,0.001753,0.173618,0.001695,0.041566,0.001493,0.046132,0.001652,0.01196,0.001172,0.02835,0.001485,0.029121,0.001322,0.033923,0.001214,0.590143,0.001837,0.018806,0.00108,0.030696,0.00081,0.194944,0.000681,0.64665,0.000341,0.058333,0.0
oracle_contact_mode_supervisor,heldout_mixed_non_smooth_stress,0,80,0.714583,0.037747,0.777302,0.035052,0.582756,0.001627,0.176864,0.001663,0.034101,0.001336,0.044524,0.001799,0.010103,0.001208,0.030056,0.001402,0.02367,0.001139,0.03324,0.001161,0.594383,0.001646,0.024732,0.001418,0.026476,0.000836,0.188236,0.000634,0.678448,0.000344,0.0,0.0
oracle_contact_mode_supervisor,heldout_mixed_non_smooth_stress,1,80,0.695833,0.043399,0.75652,0.04005,0.583461,0.001507,0.178061,0.001542,0.03428,0.001269,0.043551,0.001572,0.008858,0.001146,0.030362,0.001442,0.023154,0.001047,0.033725,0.001299,0.594004,0.001823,0.024611,0.001423,0.02592,0.000865,0.188101,0.000664,0.678623,0.000316,0.0,0.0
oracle_contact_mode_supervisor,heldout_mixed_non_smooth_stress,2,80,0.708333,0.04368,0.769541,0.040747,0.584034,0.001571,0.176943,0.001695,0.033945,0.001138,0.044541,0.001732,0.009464,0.001186,0.031093,0.001649,0.024094,0.001146,0.034437,0.001379,0.594287,0.001647,0.025238,0.001548,0.0265,0.000825,0.187753,0.000611,0.678401,0.000322,0.0,0.0
oracle_contact_mode_supervisor,heldout_mixed_non_smooth_stress,3,80,0.664583,0.047386,0.728618,0.045171,0.583061,0.001485,0.177932,0.001854,0.03324,0.001132,0.043504,0.001514,0.009052,0.001036,0.031151,0.001282,0.02346,0.001118,0.033975,0.001263,0.594593,0.001604,0.023651,0.001319,0.026661,0.00078,0.187711,0.000638,0.678526,0.000263,0.041667,0.0
oracle_contact_mode_supervisor,heldout_mixed_non_smooth_stress,4,80,0.679167,0.034268,0.747778,0.0332,0.583745,0.001379,0.176626,0.001837,0.033907,0.001269,0.043187,0.001608,0.009529,0.001211,0.031102,0.001563,0.023462,0.000999,0.03315,0.001257,0.594021,0.001524,0.024843,0.00139,0.026356,0.001022,0.18756,0.000675,0.678425,0.000321,0.045833,0.0
oracle_contact_mode_supervisor,heldout_mixed_non_smooth_stress,5,80,0.697917,0.038588,0.760108,0.03546,0.58459,0.001619,0.177219,0.00151,0.033188,0.001349,0.043858,0.00172,0.009419,0.001164,0.030602,0.00145,0.023484,0.001191,0.033936,0.00118,0.593152,0.001679,0.02497,0.001336,0.026488,0.000975,0.187656,0.000712,0.678437,0.000339,0.0,0.0
oracle_contact_mode_supervisor,heldout_mixed_non_smooth_stress,6,80,0.670833,0.046115,0.73024,0.042347,0.583059,0.001634,0.177699,0.001559,0.033992,0.001219,0.044037,0.001712,0.009759,0.00126,0.031049,0.001416,0.023048,0.001228,0.033387,0.001441,0.594681,0.001586,0.025095,0.001409,0.026356,0.000912,0.187906,0.00065,0.678468,0.000347,0.033333,0.0
oracle_contact_mode_supervisor,heldout_mixed_non_smooth_stress,7,80,0.714583,0.040758,0.775943,0.037766,0.583475,0.001493,0.177622,0.001802,0.033546,0.001143,0.043762,0.001592,0.009689,0.001156,0.031207,0.001487,0.024045,0.001113,0.034275,0.001388,0.594549,0.001922,0.024155,0.00156,0.025758,0.001021,0.188672,0.000642,0.678375,0.00035,0.0125,0.0
oracle_contact_mode_supervisor,heldout_mixed_non_smooth_stress,8,80,0.639583,0.044044,0.706308,0.04241,0.584213,0.00149,0.177145,0.001739,0.033698,0.001199,0.044252,0.001672,0.010104,0.001207,0.029613,0.001342,0.023189,0.001233,0.033658,0.001214,0.595533,0.001797,0.025528,0.001511,0.026474,0.000816,0.188473,0.000662,0.6786,0.000321,0.060417,0.0
oracle_contact_mode_supervisor,heldout_mixed_non_smooth_stress,9,80,0.760417,0.040195,0.818512,0.036645,0.584639,0.001697,0.17772,0.001845,0.034085,0.001234,0.04401,0.001513,0.009619,0.00104,0.029455,0.001436,0.023241,0.001092,0.033327,0.001321,0.595497,0.001773,0.025209,0.001338,0.026383,0.000904,0.187902,0.000689,0.678682,0.000308,0.0,0.0
oracle_hybrid_contact_supervisor,heldout_mixed_non_smooth_stress,0,80,0.7,0.045163,0.771045,0.042225,0.607517,0.001369,0.163341,0.001241,0.027324,0.001006,0.036817,0.001181,0.003338,0.000766,0.024678,0.00123,0.01696,0.00107,0.028537,0.000974,0.629648,0.001831,0.015862,0.001022,0.019362,0.000949,0.192487,0.000676,0.710654,0.000244,0.0,0.0
oracle_hybrid_contact_supervisor,heldout_mixed_non_smooth_stress,1,80,0.6875,0.044017,0.758617,0.040845,0.608579,0.001555,0.162699,0.00145,0.027643,0.001033,0.037707,0.001293,0.003264,0.000664,0.02468,0.00108,0.017076,0.001149,0.02729,0.001005,0.629908,0.001792,0.016104,0.001007,0.019467,0.000805,0.192363,0.000675,0.710671,0.000225,0.0,0.0
oracle_hybrid_contact_supervisor,heldout_mixed_non_smooth_stress,2,80,0.675,0.041864,0.747105,0.038706,0.608936,0.001546,0.162247,0.001129,0.028075,0.001085,0.037726,0.001322,0.003186,0.000763,0.024397,0.001053,0.016546,0.000891,0.028659,0.001038,0.629153,0.001773,0.015825,0.001055,0.018899,0.00084,0.192577,0.000628,0.710708,0.000236,0.0,0.0
oracle_hybrid_contact_supervisor,heldout_mixed_non_smooth_stress,3,80,0.70625,0.043192,0.77972,0.040845,0.608841,0.001666,0.16308,0.001281,0.02754,0.001067,0.036864,0.001148,0.003478,0.000745,0.023999,0.001149,0.016454,0.001017,0.028712,0.001114,0.632222,0.001835,0.015857,0.001011,0.019615,0.000927,0.191848,0.00062,0.710895,0.000213,0.0,0.0
oracle_hybrid_contact_supervisor,heldout_mixed_non_smooth_stress,4,80,0.725,0.037705,0.795971,0.034389,0.607476,0.001461,0.1621,0.001204,0.027849,0.001005,0.037137,0.001262,0.003949,0.000765,0.024328,0.00121,0.016751,0.000798,0.028577,0.001017,0.629821,0.001794,0.016246,0.001114,0.01916,0.000729,0.192409,0.000531,0.710624,0.000241,0.0,0.0
oracle_hybrid_contact_supervisor,heldout_mixed_non_smooth_stress,5,80,0.66875,0.045939,0.742935,0.043685,0.607201,0.001553,0.163806,0.001136,0.027318,0.001014,0.037207,0.001377,0.003161,0.000709,0.023962,0.001292,0.016462,0.000883,0.028876,0.001105,0.631167,0.00191,0.016065,0.001044,0.019918,0.000828,0.192011,0.000742,0.710883,0.000256,0.0,0.0
oracle_hybrid_contact_supervisor,heldout_mixed_non_smooth_stress,6,80,0.704167,0.03581,0.777421,0.032813,0.608481,0.001528,0.162114,0.00137,0.027805,0.001095,0.03687,0.001106,0.003043,0.000727,0.023827,0.001176,0.017801,0.000928,0.029146,0.001108,0.63039,0.001767,0.016215,0.00104,0.020096,0.000918,0.192226,0.000713,0.71076,0.000248,0.0,0.0
oracle_hybrid_contact_supervisor,heldout_mixed_non_smooth_stress,7,80,0.727083,0.042799,0.797238,0.039663,0.608476,0.00161,0.162695,0.001192,0.028139,0.001117,0.037066,0.001273,0.003533,0.000794,0.024255,0.001208,0.016224,0.000934,0.029117,0.001125,0.633416,0.001766,0.016102,0.000966,0.019902,0.000905,0.19244,0.000611,0.710952,0.000238,0.0,0.0
oracle_hybrid_contact_supervisor,heldout_mixed_non_smooth_stress,8,80,0.7,0.044409,0.772078,0.041731,0.607397,0.001591,0.162146,0.001279,0.027272,0.001176,0.03753,0.001306,0.003672,0.000787,0.023548,0.001144,0.01721,0.000958,0.029041,0.001025,0.629915,0.001775,0.015306,0.001133,0.020198,0.000856,0.192374,0.000641,0.710713,0.000214,0.0,0.0
oracle_hybrid_contact_supervisor,heldout_mixed_non_smooth_stress,9,80,0.695833,0.04677,0.763064,0.042618,0.608773,0.001417,0.162442,0.001204,0.028333,0.001124,0.03659,0.00117,0.002648,0.00068,0.024215,0.001195,0.016819,0.000975,0.028303,0.000977,0.630561,0.00183,0.015726,0.001036,0.020037,0.000998,0.192631,0.000694,0.710869,0.000244,0.0,0.0
