method,split,seed,success,success_ci95,contact_mode_f1,contact_mode_f1_ci95,boundary_error,boundary_error_ci95,unsafe_impulse,unsafe_impulse_ci95,jam_rate,jam_rate_ci95,slip_overshoot,slip_overshoot_ci95,intervention_cost,intervention_cost_ci95,data_efficiency_proxy,data_efficiency_proxy_ci95,groups,regret_to_oracle
no_contact_behavior_clone,nominal,0,0.4483,0.0219,0.2456,0.0044,0.3255,0.0086,0.078,0.0071,0.086,0.0066,0.0553,0.0051,0.121,0.0011,0.2623,0.0036,35,0.2643
no_contact_behavior_clone,nominal,1,0.4531,0.0208,0.2464,0.0034,0.3234,0.0081,0.0772,0.007,0.0848,0.0061,0.0558,0.0048,0.121,0.0011,0.2601,0.0025,35,0.2735
no_contact_behavior_clone,nominal,2,0.4364,0.0204,0.2455,0.0041,0.3225,0.0079,0.0779,0.007,0.0836,0.0063,0.0558,0.0042,0.121,0.0011,0.2629,0.0028,35,0.284
no_contact_behavior_clone,nominal,3,0.4452,0.0218,0.2438,0.0035,0.3234,0.0085,0.0779,0.0067,0.0863,0.0063,0.0548,0.0053,0.121,0.0011,0.2648,0.0025,35,0.266
no_contact_behavior_clone,nominal,4,0.4524,0.0195,0.2446,0.0034,0.323,0.0079,0.0776,0.0067,0.0837,0.0065,0.0548,0.0049,0.121,0.0011,0.264,0.0032,35,0.267
no_contact_behavior_clone,nominal,5,0.4347,0.0213,0.2455,0.0029,0.3232,0.0083,0.0769,0.007,0.0857,0.006,0.0561,0.0056,0.121,0.0011,0.2627,0.0028,35,0.2663
no_contact_behavior_clone,nominal,6,0.4422,0.0237,0.2453,0.0027,0.3235,0.0084,0.0766,0.0063,0.085,0.0063,0.0554,0.0055,0.121,0.0011,0.2601,0.003,35,0.2718
no_contact_behavior_clone,seen_shift,0,0.4024,0.0208,0.233,0.0033,0.3431,0.01,0.0953,0.0091,0.1045,0.0076,0.0774,0.0061,0.1332,0.0014,0.2522,0.003,35,0.2823
no_contact_behavior_clone,seen_shift,1,0.4027,0.0204,0.2345,0.0032,0.343,0.0098,0.0962,0.0092,0.1053,0.0076,0.0785,0.006,0.1332,0.0014,0.2503,0.003,35,0.2905
no_contact_behavior_clone,seen_shift,2,0.3983,0.0224,0.2295,0.0029,0.3436,0.0098,0.095,0.0091,0.1062,0.0078,0.0774,0.0063,0.1332,0.0014,0.2526,0.0024,35,0.2724
no_contact_behavior_clone,seen_shift,3,0.3986,0.0195,0.2334,0.0029,0.3436,0.0093,0.0959,0.0091,0.1064,0.0075,0.0772,0.006,0.1332,0.0014,0.2504,0.002,35,0.2946
no_contact_behavior_clone,seen_shift,4,0.3946,0.0213,0.232,0.0034,0.3413,0.0102,0.0949,0.0095,0.1052,0.0073,0.0775,0.0059,0.1332,0.0014,0.2516,0.0031,35,0.2959
no_contact_behavior_clone,seen_shift,5,0.3973,0.0225,0.2309,0.0033,0.3442,0.01,0.0961,0.009,0.1043,0.0077,0.0775,0.0062,0.1332,0.0014,0.2491,0.0031,35,0.2772
no_contact_behavior_clone,seen_shift,6,0.4109,0.0195,0.2335,0.0035,0.3424,0.0102,0.0954,0.0089,0.1044,0.0079,0.077,0.0062,0.1332,0.0014,0.2536,0.0024,35,0.2837
no_contact_behavior_clone,unseen_geometry,0,0.3544,0.0257,0.2271,0.0031,0.3599,0.0117,0.1107,0.0117,0.1222,0.0097,0.0827,0.0055,0.1393,0.0015,0.2462,0.0017,35,0.2969
no_contact_behavior_clone,unseen_geometry,1,0.3782,0.0191,0.2261,0.0038,0.3593,0.0114,0.1113,0.0112,0.1207,0.0099,0.083,0.006,0.1393,0.0015,0.2451,0.0029,35,0.2857
no_contact_behavior_clone,unseen_geometry,2,0.3503,0.0175,0.2257,0.0031,0.3589,0.012,0.1125,0.0117,0.1205,0.0098,0.0834,0.0066,0.1393,0.0015,0.2482,0.0025,35,0.3071
no_contact_behavior_clone,unseen_geometry,3,0.3639,0.0225,0.2258,0.0028,0.359,0.0115,0.1126,0.0114,0.1205,0.0095,0.0825,0.006,0.1393,0.0015,0.2451,0.0027,35,0.3037
no_contact_behavior_clone,unseen_geometry,4,0.3629,0.0254,0.2303,0.0035,0.3597,0.012,0.1113,0.0113,0.1222,0.0102,0.0842,0.006,0.1393,0.0015,0.2468,0.0018,35,0.301
no_contact_behavior_clone,unseen_geometry,5,0.365,0.0276,0.2267,0.0033,0.3589,0.0114,0.1112,0.0114,0.122,0.0099,0.0849,0.0058,0.1393,0.0015,0.2473,0.0025,35,0.3075
no_contact_behavior_clone,unseen_geometry,6,0.367,0.0234,0.2237,0.0028,0.3583,0.0122,0.1125,0.0118,0.12,0.0098,0.0824,0.0061,0.1393,0.0015,0.2444,0.003,35,0.3044
no_contact_behavior_clone,unseen_friction,0,0.3612,0.0203,0.2217,0.0034,0.3634,0.0118,0.1056,0.0102,0.1179,0.008,0.1313,0.0091,0.1428,0.0016,0.2427,0.0027,35,0.3037
no_contact_behavior_clone,unseen_friction,1,0.3415,0.0181,0.2247,0.0037,0.3642,0.0115,0.1065,0.0102,0.1156,0.0078,0.1301,0.009,0.1428,0.0016,0.2406,0.0025,35,0.3194
no_contact_behavior_clone,unseen_friction,2,0.3534,0.0217,0.2212,0.0033,0.3627,0.0114,0.1047,0.0101,0.1176,0.0088,0.1302,0.0086,0.1428,0.0016,0.243,0.0032,35,0.2993
no_contact_behavior_clone,unseen_friction,3,0.3653,0.0198,0.2222,0.0025,0.3613,0.0116,0.1057,0.01,0.1186,0.0077,0.1299,0.0087,0.1428,0.0016,0.2446,0.0025,35,0.2789
no_contact_behavior_clone,unseen_friction,4,0.3575,0.0219,0.2231,0.0033,0.3612,0.0113,0.1053,0.0098,0.1166,0.0085,0.131,0.0085,0.1428,0.0016,0.2421,0.0031,35,0.2942
no_contact_behavior_clone,unseen_friction,5,0.349,0.022,0.2245,0.0032,0.364,0.0117,0.1063,0.01,0.1171,0.0078,0.13,0.009,0.1428,0.0016,0.2455,0.0026,35,0.3092
no_contact_behavior_clone,unseen_friction,6,0.3578,0.0244,0.2211,0.0034,0.3649,0.0112,0.1058,0.0102,0.1176,0.0082,0.1309,0.0086,0.1428,0.0016,0.2414,0.0028,35,0.302
no_contact_behavior_clone,combined_stress,0,0.3095,0.0263,0.2132,0.0033,0.3817,0.0129,0.1245,0.0128,0.1389,0.01,0.1332,0.0083,0.1533,0.0018,0.2327,0.0028,35,0.3099
no_contact_behavior_clone,combined_stress,1,0.3088,0.0273,0.2096,0.0038,0.3817,0.0129,0.125,0.0134,0.1377,0.0103,0.1312,0.0083,0.1533,0.0018,0.2352,0.0021,35,0.3231
no_contact_behavior_clone,combined_stress,2,0.3262,0.018,0.2084,0.0031,0.3807,0.0133,0.126,0.0134,0.1392,0.0105,0.1325,0.0078,0.1533,0.0018,0.233,0.0028,35,0.3031
no_contact_behavior_clone,combined_stress,3,0.3061,0.0222,0.2074,0.0033,0.3795,0.0141,0.1262,0.0128,0.138,0.0103,0.1341,0.0085,0.1533,0.0018,0.2321,0.0026,35,0.3214
no_contact_behavior_clone,combined_stress,4,0.3146,0.0222,0.2098,0.0034,0.3813,0.013,0.1255,0.0131,0.1393,0.01,0.1335,0.0088,0.1533,0.0018,0.2329,0.0024,35,0.3058
no_contact_behavior_clone,combined_stress,5,0.3252,0.0208,0.211,0.0034,0.3803,0.0131,0.1249,0.013,0.1387,0.0101,0.1331,0.0086,0.1533,0.0018,0.2352,0.0026,35,0.3058
no_contact_behavior_clone,combined_stress,6,0.3088,0.0218,0.2105,0.0037,0.3811,0.0137,0.1257,0.0133,0.1394,0.0102,0.1337,0.0085,0.1533,0.0018,0.2339,0.0027,35,0.3272
domain_randomization,nominal,0,0.5054,0.0202,0.3292,0.003,0.3096,0.0071,0.0719,0.006,0.0824,0.0056,0.0516,0.0043,0.1292,0.0011,0.3289,0.0027,35,0.2071
domain_randomization,nominal,1,0.5065,0.0202,0.3305,0.003,0.3081,0.0061,0.0727,0.0057,0.082,0.0061,0.0509,0.0046,0.1292,0.0011,0.33,0.0026,35,0.2201
domain_randomization,nominal,2,0.5146,0.0193,0.3284,0.0039,0.3078,0.0064,0.0732,0.0058,0.0814,0.006,0.0505,0.0041,0.1292,0.0011,0.3316,0.0027,35,0.2058
domain_randomization,nominal,3,0.5207,0.0157,0.331,0.0033,0.3076,0.0073,0.0721,0.0057,0.0801,0.0057,0.0504,0.0042,0.1292,0.0011,0.3313,0.0029,35,0.1905
domain_randomization,nominal,4,0.4952,0.0194,0.3275,0.0027,0.3074,0.0071,0.0718,0.006,0.0819,0.0059,0.0507,0.0039,0.1292,0.0011,0.33,0.0024,35,0.2241
domain_randomization,nominal,5,0.518,0.0211,0.3282,0.0034,0.3077,0.0068,0.0713,0.006,0.0824,0.0059,0.0513,0.0042,0.1292,0.0011,0.3289,0.0027,35,0.183
domain_randomization,nominal,6,0.5099,0.017,0.3322,0.0037,0.3084,0.0072,0.0719,0.0057,0.0805,0.0056,0.0516,0.0044,0.1292,0.0011,0.331,0.0026,35,0.2041
domain_randomization,seen_shift,0,0.4667,0.0215,0.3152,0.003,0.3234,0.0082,0.0872,0.0077,0.1,0.0066,0.0696,0.0051,0.1414,0.0014,0.3187,0.0029,35,0.218
domain_randomization,seen_shift,1,0.4718,0.0236,0.321,0.0032,0.3247,0.0086,0.0879,0.0079,0.1007,0.0066,0.0693,0.0047,0.1414,0.0014,0.3165,0.0031,35,0.2214
domain_randomization,seen_shift,2,0.4731,0.0215,0.3175,0.0032,0.3254,0.0089,0.0878,0.0077,0.1006,0.0067,0.0707,0.0051,0.1414,0.0014,0.3188,0.0032,35,0.1976
domain_randomization,seen_shift,3,0.4578,0.0207,0.3175,0.0037,0.3265,0.0088,0.0879,0.0078,0.0995,0.0072,0.0707,0.0045,0.1414,0.0014,0.3173,0.0028,35,0.2354
domain_randomization,seen_shift,4,0.466,0.0181,0.3175,0.0032,0.3263,0.0082,0.0876,0.0079,0.1005,0.0065,0.0692,0.0052,0.1414,0.0014,0.3186,0.0024,35,0.2245
domain_randomization,seen_shift,5,0.4721,0.0188,0.3167,0.003,0.3263,0.0087,0.0883,0.0083,0.0994,0.0071,0.0692,0.0049,0.1414,0.0014,0.319,0.0027,35,0.2024
domain_randomization,seen_shift,6,0.4684,0.0191,0.3172,0.0029,0.3249,0.0085,0.086,0.008,0.1,0.0066,0.0695,0.0054,0.1414,0.0014,0.3181,0.0022,35,0.2262
domain_randomization,unseen_geometry,0,0.4262,0.0286,0.312,0.0027,0.3386,0.0103,0.102,0.0099,0.1154,0.0086,0.0758,0.0053,0.1475,0.0015,0.3128,0.0024,35,0.2252
domain_randomization,unseen_geometry,1,0.4371,0.0214,0.3119,0.0034,0.338,0.0098,0.1023,0.0105,0.116,0.0085,0.074,0.0056,0.1475,0.0015,0.3125,0.0026,35,0.2269
domain_randomization,unseen_geometry,2,0.4408,0.0296,0.3114,0.0031,0.3412,0.0101,0.101,0.0099,0.1161,0.0086,0.0756,0.0054,0.1475,0.0015,0.3152,0.0026,35,0.2167
domain_randomization,unseen_geometry,3,0.4296,0.0198,0.3104,0.0037,0.3394,0.01,0.1008,0.0102,0.1141,0.0083,0.0754,0.005,0.1475,0.0015,0.3123,0.0023,35,0.2381
domain_randomization,unseen_geometry,4,0.4548,0.0219,0.3099,0.0035,0.3384,0.0105,0.1002,0.0101,0.113,0.0088,0.0763,0.0054,0.1475,0.0015,0.3134,0.0029,35,0.2092
domain_randomization,unseen_geometry,5,0.4316,0.0209,0.3114,0.0032,0.3407,0.0101,0.1016,0.0102,0.114,0.0081,0.077,0.0056,0.1475,0.0015,0.3116,0.0028,35,0.2408
domain_randomization,unseen_geometry,6,0.4395,0.022,0.3116,0.0035,0.3376,0.0107,0.1015,0.0107,0.1145,0.0084,0.075,0.0054,0.1475,0.0015,0.3137,0.0028,35,0.232
domain_randomization,unseen_friction,0,0.4425,0.0263,0.3086,0.0037,0.3435,0.0097,0.0958,0.0088,0.1113,0.0069,0.1173,0.0073,0.151,0.0016,0.3094,0.0027,35,0.2224
domain_randomization,unseen_friction,1,0.4388,0.0185,0.3069,0.0029,0.342,0.0099,0.0954,0.0088,0.1121,0.007,0.1148,0.0075,0.151,0.0016,0.3095,0.0026,35,0.2221
domain_randomization,unseen_friction,2,0.4126,0.0169,0.3063,0.0028,0.3413,0.0102,0.0962,0.0087,0.1124,0.0063,0.1149,0.0075,0.151,0.0016,0.3101,0.0026,35,0.2401
domain_randomization,unseen_friction,3,0.4282,0.0219,0.3095,0.0037,0.3409,0.0103,0.0962,0.0088,0.1139,0.0072,0.1167,0.0073,0.151,0.0016,0.3102,0.0018,35,0.216
domain_randomization,unseen_friction,4,0.4126,0.0206,0.3068,0.0026,0.3412,0.0105,0.0971,0.0088,0.1131,0.0067,0.1154,0.0073,0.151,0.0016,0.3116,0.0027,35,0.2391
domain_randomization,unseen_friction,5,0.4235,0.0182,0.3086,0.0025,0.3397,0.0096,0.0974,0.0093,0.1117,0.0071,0.1172,0.0073,0.151,0.0016,0.31,0.0025,35,0.2347
domain_randomization,unseen_friction,6,0.4214,0.0241,0.3087,0.0029,0.3403,0.0105,0.0968,0.0091,0.1111,0.0077,0.1168,0.0071,0.151,0.0016,0.3111,0.0019,35,0.2384
domain_randomization,combined_stress,0,0.3796,0.0208,0.2938,0.0035,0.3565,0.0109,0.1122,0.0117,0.1304,0.009,0.1178,0.007,0.1615,0.0018,0.2989,0.0023,35,0.2398
domain_randomization,combined_stress,1,0.3847,0.0234,0.2919,0.0032,0.3566,0.0115,0.1137,0.0113,0.1314,0.0084,0.1185,0.0072,0.1615,0.0018,0.3009,0.0024,35,0.2473
domain_randomization,combined_stress,2,0.3861,0.0215,0.2945,0.0043,0.3556,0.0112,0.1141,0.0114,0.1323,0.0086,0.1189,0.0074,0.1615,0.0018,0.3003,0.0027,35,0.2432
domain_randomization,combined_stress,3,0.3895,0.0244,0.2926,0.0029,0.3551,0.0113,0.1125,0.0117,0.1323,0.0089,0.1187,0.0076,0.1615,0.0018,0.3013,0.0024,35,0.2381
domain_randomization,combined_stress,4,0.3813,0.0234,0.2927,0.0028,0.3566,0.0117,0.1135,0.0117,0.1322,0.0083,0.1204,0.0069,0.1615,0.0018,0.3019,0.0031,35,0.2391
domain_randomization,combined_stress,5,0.3949,0.0203,0.2949,0.0032,0.3562,0.0116,0.114,0.0112,0.1321,0.0082,0.1209,0.0077,0.1615,0.0018,0.3,0.0026,35,0.2361
domain_randomization,combined_stress,6,0.3827,0.0177,0.2955,0.0036,0.3555,0.0113,0.1129,0.011,0.1325,0.0085,0.1193,0.0077,0.1615,0.0018,0.3,0.0022,35,0.2534
diffusion_policy_surrogate,nominal,0,0.5429,0.018,0.3558,0.0043,0.3028,0.0071,0.0716,0.0058,0.08,0.0051,0.0512,0.0038,0.1388,0.0011,0.3568,0.0032,35,0.1697
diffusion_policy_surrogate,nominal,1,0.5422,0.0249,0.356,0.003,0.3037,0.0069,0.0723,0.0062,0.0792,0.0053,0.0521,0.0036,0.1388,0.0011,0.3553,0.0026,35,0.1844
diffusion_policy_surrogate,nominal,2,0.5575,0.016,0.3542,0.0031,0.3032,0.0067,0.0725,0.0058,0.079,0.0054,0.049,0.0042,0.1388,0.0011,0.3574,0.0024,35,0.1629
diffusion_policy_surrogate,nominal,3,0.5565,0.0208,0.3532,0.0024,0.3041,0.0069,0.0724,0.0058,0.0807,0.0058,0.051,0.0038,0.1388,0.0011,0.3568,0.0028,35,0.1548
diffusion_policy_surrogate,nominal,4,0.534,0.0222,0.3521,0.0035,0.3042,0.0065,0.0707,0.0061,0.0787,0.005,0.0519,0.0046,0.1388,0.0011,0.3567,0.0027,35,0.1854
diffusion_policy_surrogate,nominal,5,0.5446,0.0212,0.3562,0.0032,0.3027,0.0067,0.072,0.0061,0.0802,0.0052,0.0512,0.0044,0.1388,0.0011,0.3571,0.0029,35,0.1565
diffusion_policy_surrogate,nominal,6,0.5327,0.0183,0.3548,0.0038,0.3022,0.0067,0.0728,0.0061,0.0801,0.0055,0.0499,0.0043,0.1388,0.0011,0.3572,0.0032,35,0.1813
diffusion_policy_surrogate,seen_shift,0,0.4748,0.0247,0.3421,0.0035,0.3205,0.0082,0.0888,0.0079,0.0973,0.0066,0.0698,0.005,0.151,0.0014,0.348,0.0025,35,0.2099
diffusion_policy_surrogate,seen_shift,1,0.5088,0.0182,0.3413,0.0028,0.3204,0.0081,0.089,0.0086,0.0966,0.0066,0.0704,0.005,0.151,0.0014,0.346,0.0028,35,0.1844
diffusion_policy_surrogate,seen_shift,2,0.5075,0.0214,0.3433,0.0041,0.3188,0.0078,0.0882,0.0082,0.0975,0.0062,0.0709,0.0045,0.151,0.0014,0.3477,0.0031,35,0.1633
diffusion_policy_surrogate,seen_shift,3,0.4905,0.0208,0.3433,0.0033,0.3156,0.0088,0.0886,0.0078,0.0992,0.006,0.0714,0.005,0.151,0.0014,0.3445,0.0021,35,0.2027
diffusion_policy_surrogate,seen_shift,4,0.4959,0.0229,0.3415,0.003,0.3172,0.0075,0.0878,0.0078,0.0983,0.0068,0.0697,0.0053,0.151,0.0014,0.3454,0.0025,35,0.1946
diffusion_policy_surrogate,seen_shift,5,0.4728,0.0225,0.3423,0.0029,0.3213,0.0083,0.0889,0.008,0.0982,0.0065,0.0692,0.0052,0.151,0.0014,0.3484,0.0033,35,0.2017
diffusion_policy_surrogate,seen_shift,6,0.4959,0.0214,0.34,0.0033,0.3188,0.0088,0.0895,0.0083,0.0977,0.0064,0.0705,0.0053,0.151,0.0014,0.3457,0.0026,35,0.1986
diffusion_policy_surrogate,unseen_geometry,0,0.4456,0.0219,0.3341,0.0034,0.332,0.0102,0.1036,0.01,0.1105,0.0079,0.0764,0.005,0.1572,0.0015,0.3396,0.0022,35,0.2058
diffusion_policy_surrogate,unseen_geometry,1,0.465,0.0244,0.3375,0.0041,0.3301,0.0097,0.1031,0.0104,0.1122,0.0078,0.0752,0.0056,0.1572,0.0015,0.3411,0.0027,35,0.199
diffusion_policy_surrogate,unseen_geometry,2,0.4626,0.0248,0.3382,0.0032,0.33,0.0098,0.1037,0.0108,0.1137,0.0085,0.0748,0.0055,0.1572,0.0015,0.3439,0.0028,35,0.1949
diffusion_policy_surrogate,unseen_geometry,3,0.4595,0.0178,0.3369,0.0033,0.3314,0.0091,0.1028,0.0106,0.1124,0.0079,0.0775,0.0053,0.1572,0.0015,0.3399,0.0028,35,0.2082
diffusion_policy_surrogate,unseen_geometry,4,0.4622,0.0257,0.3377,0.0033,0.3319,0.0095,0.1035,0.0106,0.1125,0.0081,0.0776,0.0053,0.1572,0.0015,0.3411,0.0032,35,0.2017
diffusion_policy_surrogate,unseen_geometry,5,0.4452,0.0213,0.3356,0.0029,0.3298,0.01,0.105,0.0113,0.1126,0.0077,0.0747,0.0051,0.1572,0.0015,0.3384,0.0028,35,0.2272
diffusion_policy_surrogate,unseen_geometry,6,0.4551,0.0211,0.3371,0.0036,0.3301,0.0098,0.1039,0.0103,0.1114,0.008,0.0752,0.0054,0.1572,0.0015,0.3397,0.0026,35,0.2163
diffusion_policy_surrogate,unseen_friction,0,0.4701,0.019,0.3326,0.003,0.3334,0.0093,0.0985,0.0092,0.1104,0.0068,0.1153,0.0072,0.1606,0.0016,0.3395,0.0031,35,0.1949
diffusion_policy_surrogate,unseen_friction,1,0.4497,0.0203,0.3318,0.003,0.3343,0.0095,0.1,0.0092,0.1092,0.0065,0.114,0.0077,0.1606,0.0016,0.339,0.0027,35,0.2112
diffusion_policy_surrogate,unseen_friction,2,0.4534,0.0189,0.3344,0.0029,0.335,0.0094,0.0979,0.0092,0.1088,0.0067,0.1149,0.007,0.1606,0.0016,0.3391,0.0026,35,0.1993
diffusion_policy_surrogate,unseen_friction,3,0.4507,0.0238,0.3312,0.0038,0.3335,0.0099,0.0983,0.009,0.111,0.0065,0.1137,0.0075,0.1606,0.0016,0.3369,0.0031,35,0.1935
diffusion_policy_surrogate,unseen_friction,4,0.4554,0.0221,0.3327,0.0038,0.3361,0.0092,0.099,0.0092,0.1099,0.0067,0.115,0.0076,0.1606,0.0016,0.3368,0.0031,35,0.1963
diffusion_policy_surrogate,unseen_friction,5,0.4524,0.0258,0.3309,0.0032,0.3349,0.0094,0.098,0.0094,0.1096,0.0068,0.1151,0.0079,0.1606,0.0016,0.3391,0.0024,35,0.2058
diffusion_policy_surrogate,unseen_friction,6,0.4415,0.0211,0.3298,0.0036,0.3351,0.0094,0.0986,0.0091,0.1101,0.0073,0.1143,0.0074,0.1606,0.0016,0.338,0.0023,35,0.2184
diffusion_policy_surrogate,combined_stress,0,0.4129,0.0207,0.3191,0.0034,0.3486,0.0107,0.1164,0.0122,0.1299,0.0081,0.1186,0.0073,0.1711,0.0018,0.3268,0.0028,35,0.2065
diffusion_policy_surrogate,combined_stress,1,0.4095,0.0237,0.3201,0.0031,0.3499,0.0112,0.1179,0.012,0.1295,0.0084,0.1175,0.0072,0.1711,0.0018,0.3283,0.0024,35,0.2224
diffusion_policy_surrogate,combined_stress,2,0.4099,0.0262,0.3201,0.0035,0.3484,0.011,0.1169,0.0119,0.1283,0.0077,0.1189,0.0077,0.1711,0.0018,0.3288,0.0025,35,0.2194
diffusion_policy_surrogate,combined_stress,3,0.4136,0.0237,0.3181,0.0034,0.3495,0.0107,0.1166,0.0119,0.1298,0.0083,0.1184,0.0074,0.1711,0.0018,0.3293,0.0028,35,0.2139
diffusion_policy_surrogate,combined_stress,4,0.4143,0.0228,0.3182,0.003,0.3491,0.0114,0.1166,0.0118,0.1305,0.0082,0.1199,0.0076,0.1711,0.0018,0.3286,0.0033,35,0.2061
diffusion_policy_surrogate,combined_stress,5,0.4099,0.0192,0.3183,0.0026,0.3487,0.011,0.1165,0.012,0.13,0.0082,0.1201,0.007,0.1711,0.0018,0.3284,0.0022,35,0.2211
diffusion_policy_surrogate,combined_stress,6,0.4095,0.0248,0.3182,0.0034,0.3492,0.0116,0.1153,0.0118,0.1286,0.0082,0.1196,0.007,0.1711,0.0018,0.3291,0.0027,35,0.2265
robotics_transformer_surrogate,nominal,0,0.5401,0.015,0.3781,0.003,0.2977,0.0061,0.0691,0.0053,0.0783,0.0046,0.0493,0.004,0.1484,0.0011,0.3769,0.0025,35,0.1724
robotics_transformer_surrogate,nominal,1,0.5599,0.018,0.3782,0.0032,0.2967,0.0067,0.0702,0.0056,0.0785,0.005,0.0497,0.004,0.1484,0.0011,0.3746,0.0021,35,0.1667
robotics_transformer_surrogate,nominal,2,0.5422,0.0215,0.3799,0.0035,0.2986,0.007,0.0694,0.0058,0.0777,0.0051,0.0499,0.0047,0.1484,0.0011,0.3754,0.0029,35,0.1782
robotics_transformer_surrogate,nominal,3,0.5493,0.0177,0.3774,0.0031,0.2956,0.0066,0.0692,0.0058,0.0794,0.0048,0.0504,0.0044,0.1484,0.0011,0.376,0.0023,35,0.1619
robotics_transformer_surrogate,nominal,4,0.549,0.0179,0.3807,0.0034,0.2975,0.0063,0.0689,0.0059,0.0788,0.0051,0.0487,0.0041,0.1484,0.0011,0.3761,0.0025,35,0.1704
robotics_transformer_surrogate,nominal,5,0.5565,0.0199,0.3766,0.0032,0.2977,0.0061,0.0697,0.006,0.0786,0.005,0.0502,0.0039,0.1484,0.0011,0.3751,0.0025,35,0.1446
robotics_transformer_surrogate,nominal,6,0.5384,0.0212,0.3785,0.0033,0.2993,0.0065,0.07,0.0057,0.0783,0.0052,0.0493,0.004,0.1484,0.0011,0.3745,0.0027,35,0.1755
robotics_transformer_surrogate,seen_shift,0,0.4932,0.0204,0.3639,0.0042,0.3142,0.0079,0.0855,0.0076,0.0961,0.0062,0.0683,0.0048,0.1607,0.0014,0.3646,0.0028,35,0.1915
robotics_transformer_surrogate,seen_shift,1,0.4949,0.0208,0.3657,0.004,0.3111,0.0077,0.0853,0.0077,0.0964,0.0059,0.0693,0.0052,0.1607,0.0014,0.3623,0.0026,35,0.1983
robotics_transformer_surrogate,seen_shift,2,0.5054,0.0222,0.3698,0.0036,0.3126,0.0079,0.086,0.0076,0.0975,0.0065,0.0672,0.0049,0.1607,0.0014,0.3653,0.0028,35,0.1653
robotics_transformer_surrogate,seen_shift,3,0.5095,0.0164,0.3664,0.0036,0.3113,0.0073,0.0859,0.0076,0.0945,0.0062,0.068,0.0048,0.1607,0.0014,0.3645,0.0032,35,0.1837
robotics_transformer_surrogate,seen_shift,4,0.5122,0.0216,0.3681,0.0035,0.3118,0.0074,0.0862,0.0075,0.095,0.006,0.0685,0.0048,0.1607,0.0014,0.3659,0.0028,35,0.1782
robotics_transformer_surrogate,seen_shift,5,0.5054,0.0188,0.3662,0.0034,0.3142,0.0076,0.0857,0.0078,0.0953,0.006,0.0699,0.0055,0.1607,0.0014,0.3647,0.0029,35,0.169
robotics_transformer_surrogate,seen_shift,6,0.4997,0.0207,0.3662,0.0037,0.3141,0.0082,0.0848,0.0078,0.0967,0.0062,0.0681,0.0048,0.1607,0.0014,0.3653,0.0029,35,0.1949
robotics_transformer_surrogate,unseen_geometry,0,0.4779,0.0203,0.3588,0.003,0.3256,0.0089,0.0993,0.01,0.1102,0.0077,0.0744,0.0049,0.1668,0.0015,0.3617,0.0027,35,0.1735
robotics_transformer_surrogate,unseen_geometry,1,0.4844,0.0224,0.3581,0.003,0.3245,0.0091,0.0988,0.0098,0.1086,0.0075,0.0725,0.0051,0.1668,0.0015,0.3585,0.003,35,0.1796
robotics_transformer_surrogate,unseen_geometry,2,0.4803,0.0252,0.3571,0.0032,0.3246,0.0094,0.0992,0.0096,0.11,0.0081,0.074,0.0053,0.1668,0.0015,0.3608,0.0029,35,0.1772
robotics_transformer_surrogate,unseen_geometry,3,0.4677,0.0177,0.3572,0.0029,0.3265,0.0096,0.0994,0.0097,0.1113,0.0072,0.0719,0.0048,0.1668,0.0015,0.3614,0.0029,35,0.2
robotics_transformer_surrogate,unseen_geometry,4,0.4673,0.0275,0.3605,0.0034,0.3254,0.0095,0.0978,0.0101,0.1098,0.0078,0.0742,0.0052,0.1668,0.0015,0.3591,0.0026,35,0.1966
robotics_transformer_surrogate,unseen_geometry,5,0.484,0.0188,0.3562,0.0035,0.3248,0.0085,0.0982,0.0097,0.1094,0.0074,0.0737,0.0048,0.1668,0.0015,0.3602,0.0025,35,0.1884
robotics_transformer_surrogate,unseen_geometry,6,0.4833,0.0204,0.3567,0.0032,0.3248,0.0093,0.0987,0.0099,0.1105,0.0082,0.0739,0.0051,0.1668,0.0015,0.3562,0.0031,35,0.1881
robotics_transformer_surrogate,unseen_friction,0,0.4687,0.023,0.3536,0.0036,0.3278,0.0094,0.0942,0.0092,0.1086,0.006,0.1104,0.0069,0.1703,0.0016,0.3577,0.0028,35,0.1963
robotics_transformer_surrogate,unseen_friction,1,0.4724,0.0236,0.3551,0.0038,0.3291,0.0084,0.0941,0.0085,0.1082,0.0065,0.1105,0.0074,0.1703,0.0016,0.3545,0.0025,35,0.1884
robotics_transformer_surrogate,unseen_friction,2,0.4626,0.021,0.3563,0.0034,0.3279,0.0093,0.0946,0.0085,0.1082,0.0066,0.1133,0.0073,0.1703,0.0016,0.3559,0.002,35,0.1901
robotics_transformer_surrogate,unseen_friction,3,0.4646,0.023,0.3584,0.0039,0.3286,0.0091,0.0947,0.0089,0.1079,0.0066,0.1119,0.0075,0.1703,0.0016,0.3518,0.0029,35,0.1796
robotics_transformer_surrogate,unseen_friction,4,0.4653,0.0254,0.3576,0.0034,0.3281,0.0093,0.094,0.009,0.1076,0.0062,0.1116,0.0068,0.1703,0.0016,0.3563,0.0029,35,0.1864
robotics_transformer_surrogate,unseen_friction,5,0.4622,0.0198,0.3554,0.0039,0.328,0.0088,0.0937,0.0085,0.109,0.0064,0.1115,0.0071,0.1703,0.0016,0.3584,0.0022,35,0.1959
robotics_transformer_surrogate,unseen_friction,6,0.468,0.027,0.3583,0.0029,0.3282,0.0095,0.0951,0.0087,0.1074,0.0067,0.1109,0.007,0.1703,0.0016,0.3551,0.0027,35,0.1918
robotics_transformer_surrogate,combined_stress,0,0.4235,0.0198,0.3391,0.0033,0.3425,0.0099,0.1119,0.011,0.1251,0.0081,0.1141,0.0069,0.1807,0.0018,0.3462,0.0028,35,0.1959
robotics_transformer_surrogate,combined_stress,1,0.4255,0.025,0.3421,0.003,0.3416,0.0105,0.1122,0.0112,0.1259,0.0076,0.1146,0.0068,0.1807,0.0018,0.3465,0.0024,35,0.2065
robotics_transformer_surrogate,combined_stress,2,0.4347,0.0256,0.3426,0.0029,0.3421,0.0106,0.1108,0.0111,0.1262,0.0082,0.1144,0.0073,0.1807,0.0018,0.3463,0.003,35,0.1946
robotics_transformer_surrogate,combined_stress,3,0.4276,0.0223,0.3437,0.0034,0.3416,0.0107,0.1109,0.0112,0.1255,0.0084,0.1144,0.0067,0.1807,0.0018,0.3472,0.0029,35,0.2
robotics_transformer_surrogate,combined_stress,4,0.4262,0.0204,0.3426,0.0038,0.3428,0.0104,0.1119,0.0112,0.1266,0.0079,0.1149,0.0073,0.1807,0.0018,0.3481,0.0028,35,0.1942
robotics_transformer_surrogate,combined_stress,5,0.4214,0.0227,0.3428,0.0034,0.3407,0.0105,0.1122,0.0114,0.1267,0.008,0.1145,0.0069,0.1807,0.0018,0.3468,0.0018,35,0.2095
robotics_transformer_surrogate,combined_stress,6,0.433,0.0251,0.3413,0.0028,0.3434,0.0101,0.111,0.0111,0.1281,0.0078,0.1155,0.0073,0.1807,0.0018,0.347,0.0025,35,0.2031
ensemble_disagreement_planner,nominal,0,0.5602,0.0222,0.4439,0.0032,0.282,0.0061,0.0563,0.004,0.0721,0.0038,0.0465,0.0039,0.2278,0.0011,0.4383,0.0029,35,0.1524
ensemble_disagreement_planner,nominal,1,0.5391,0.0201,0.444,0.003,0.2794,0.0058,0.056,0.004,0.071,0.0044,0.0456,0.0034,0.2278,0.0011,0.4381,0.0027,35,0.1874
ensemble_disagreement_planner,nominal,2,0.5568,0.0204,0.4456,0.0034,0.2813,0.0054,0.0569,0.0038,0.0703,0.0048,0.0448,0.0037,0.2278,0.0011,0.4387,0.0027,35,0.1636
ensemble_disagreement_planner,nominal,3,0.5531,0.0139,0.4465,0.0029,0.2825,0.0047,0.0557,0.004,0.0716,0.004,0.044,0.0036,0.2278,0.0011,0.4383,0.0027,35,0.1582
ensemble_disagreement_planner,nominal,4,0.5616,0.0207,0.4462,0.0034,0.2803,0.006,0.055,0.0038,0.0727,0.0043,0.046,0.0033,0.2278,0.0011,0.4377,0.0026,35,0.1578
ensemble_disagreement_planner,nominal,5,0.5663,0.0141,0.4441,0.0032,0.2806,0.0053,0.0569,0.0043,0.0711,0.0043,0.0464,0.0037,0.2278,0.0011,0.4389,0.0022,35,0.1347
ensemble_disagreement_planner,nominal,6,0.5435,0.0167,0.4431,0.0031,0.2802,0.0059,0.0561,0.0042,0.0731,0.0043,0.0448,0.0034,0.2278,0.0011,0.4353,0.003,35,0.1704
ensemble_disagreement_planner,seen_shift,0,0.4884,0.0189,0.4316,0.0036,0.2929,0.0063,0.0666,0.0052,0.0889,0.0056,0.0598,0.004,0.24,0.0014,0.4257,0.0024,35,0.1963
ensemble_disagreement_planner,seen_shift,1,0.4976,0.019,0.4331,0.0026,0.2952,0.0065,0.0666,0.0052,0.0892,0.0055,0.0594,0.0038,0.24,0.0014,0.4273,0.0029,35,0.1956
ensemble_disagreement_planner,seen_shift,2,0.4959,0.0245,0.4323,0.0023,0.2922,0.0062,0.0671,0.0052,0.0884,0.0051,0.0608,0.0041,0.24,0.0014,0.4281,0.0028,35,0.1748
ensemble_disagreement_planner,seen_shift,3,0.5116,0.0184,0.433,0.0036,0.2935,0.0067,0.0657,0.0052,0.0895,0.0058,0.0588,0.0045,0.24,0.0014,0.4263,0.0029,35,0.1816
ensemble_disagreement_planner,seen_shift,4,0.5129,0.021,0.4319,0.0038,0.2934,0.0066,0.0655,0.005,0.0905,0.005,0.0604,0.0044,0.24,0.0014,0.4251,0.0024,35,0.1776
ensemble_disagreement_planner,seen_shift,5,0.5068,0.0176,0.433,0.0034,0.2932,0.0063,0.065,0.0057,0.0899,0.0051,0.0614,0.0038,0.24,0.0014,0.4262,0.0023,35,0.1677
ensemble_disagreement_planner,seen_shift,6,0.5017,0.0183,0.4317,0.0037,0.292,0.0071,0.0655,0.0053,0.0895,0.005,0.0606,0.0044,0.24,0.0014,0.426,0.0027,35,0.1929
ensemble_disagreement_planner,unseen_geometry,0,0.4946,0.0229,0.4263,0.0028,0.3055,0.0078,0.0765,0.0065,0.1007,0.0066,0.0626,0.0042,0.2461,0.0015,0.4221,0.0024,35,0.1568
ensemble_disagreement_planner,unseen_geometry,1,0.5003,0.0258,0.4242,0.0032,0.3041,0.0081,0.0744,0.007,0.0998,0.0075,0.0633,0.0038,0.2461,0.0015,0.4199,0.0029,35,0.1636
ensemble_disagreement_planner,unseen_geometry,2,0.5031,0.0171,0.4282,0.0032,0.3035,0.0078,0.0754,0.0064,0.1012,0.0065,0.064,0.0042,0.2461,0.0015,0.4199,0.0025,35,0.1544
ensemble_disagreement_planner,unseen_geometry,3,0.4673,0.023,0.4264,0.0029,0.3033,0.0074,0.076,0.0069,0.1015,0.0068,0.0626,0.0038,0.2461,0.0015,0.4211,0.0022,35,0.2003
ensemble_disagreement_planner,unseen_geometry,4,0.4929,0.0225,0.4253,0.0034,0.3042,0.0076,0.075,0.0065,0.1002,0.0067,0.0625,0.0046,0.2461,0.0015,0.4223,0.0024,35,0.1711
ensemble_disagreement_planner,unseen_geometry,5,0.4776,0.0169,0.4263,0.0029,0.3039,0.0081,0.0757,0.0067,0.1015,0.0072,0.0642,0.0042,0.2461,0.0015,0.4211,0.0029,35,0.1949
ensemble_disagreement_planner,unseen_geometry,6,0.4942,0.0204,0.4268,0.0032,0.3046,0.0081,0.0752,0.0068,0.1015,0.0068,0.0622,0.0044,0.2461,0.0015,0.4183,0.0029,35,0.1772
ensemble_disagreement_planner,unseen_friction,0,0.4796,0.0256,0.4237,0.0034,0.3054,0.0079,0.0721,0.006,0.0994,0.0057,0.0941,0.0056,0.2496,0.0016,0.4162,0.0025,35,0.1854
ensemble_disagreement_planner,unseen_friction,1,0.468,0.0148,0.4237,0.0036,0.3076,0.0085,0.0729,0.0058,0.0992,0.0057,0.094,0.006,0.2496,0.0016,0.4166,0.0024,35,0.1929
ensemble_disagreement_planner,unseen_friction,2,0.4762,0.0202,0.4229,0.003,0.3088,0.0073,0.0712,0.0055,0.1013,0.0055,0.0942,0.006,0.2496,0.0016,0.4185,0.0025,35,0.1765
ensemble_disagreement_planner,unseen_friction,3,0.4844,0.0206,0.4225,0.0033,0.3051,0.0078,0.0723,0.0058,0.0992,0.0052,0.0952,0.006,0.2496,0.0016,0.4164,0.0026,35,0.1599
ensemble_disagreement_planner,unseen_friction,4,0.4616,0.0187,0.4253,0.0031,0.307,0.0081,0.0709,0.0059,0.1005,0.0054,0.094,0.0062,0.2496,0.0016,0.4174,0.002,35,0.1901
ensemble_disagreement_planner,unseen_friction,5,0.4867,0.0191,0.4216,0.0035,0.3074,0.0076,0.0716,0.0058,0.0983,0.0055,0.0942,0.0059,0.2496,0.0016,0.4151,0.0027,35,0.1714
ensemble_disagreement_planner,unseen_friction,6,0.4602,0.0207,0.4231,0.0031,0.3075,0.0082,0.0721,0.0055,0.0999,0.006,0.0955,0.0062,0.2496,0.0016,0.4176,0.0022,35,0.1997
ensemble_disagreement_planner,combined_stress,0,0.4313,0.0202,0.4081,0.0039,0.3168,0.0089,0.0834,0.0073,0.1171,0.007,0.0969,0.006,0.2601,0.0018,0.4091,0.0025,35,0.1881
ensemble_disagreement_planner,combined_stress,1,0.4357,0.018,0.4091,0.0029,0.3176,0.0092,0.0833,0.0075,0.1157,0.0064,0.0969,0.0059,0.2601,0.0018,0.4097,0.0021,35,0.1963
ensemble_disagreement_planner,combined_stress,2,0.4262,0.0223,0.4105,0.0039,0.317,0.0088,0.0833,0.0072,0.1165,0.0072,0.0968,0.0064,0.2601,0.0018,0.408,0.0022,35,0.2031
ensemble_disagreement_planner,combined_stress,3,0.4371,0.0225,0.4108,0.0033,0.3168,0.0085,0.0843,0.0078,0.1161,0.0074,0.0975,0.0062,0.2601,0.0018,0.4085,0.0023,35,0.1905
ensemble_disagreement_planner,combined_stress,4,0.4296,0.0214,0.4098,0.0038,0.3163,0.0085,0.0829,0.008,0.1161,0.0073,0.0959,0.0061,0.2601,0.0018,0.4093,0.0024,35,0.1908
ensemble_disagreement_planner,combined_stress,5,0.4401,0.0176,0.4074,0.0028,0.3182,0.0084,0.0841,0.0079,0.1168,0.0076,0.0956,0.0059,0.2601,0.0018,0.4097,0.0026,35,0.1908
ensemble_disagreement_planner,combined_stress,6,0.4405,0.024,0.4078,0.0032,0.3178,0.0084,0.0836,0.0075,0.1173,0.0068,0.0957,0.0056,0.2601,0.0018,0.4067,0.0026,35,0.1956
conformal_risk_filter,nominal,0,0.5398,0.0184,0.4305,0.0022,0.285,0.0056,0.0491,0.0031,0.0727,0.0046,0.0443,0.0039,0.2576,0.0011,0.4225,0.0026,35,0.1728
conformal_risk_filter,nominal,1,0.5425,0.0202,0.4252,0.0029,0.2857,0.0052,0.0502,0.0031,0.0727,0.004,0.0455,0.0036,0.2576,0.0011,0.4176,0.0025,35,0.184
conformal_risk_filter,nominal,2,0.5582,0.015,0.4294,0.0031,0.2832,0.0056,0.0494,0.0032,0.0737,0.005,0.0446,0.0039,0.2576,0.0011,0.4179,0.0029,35,0.1622
conformal_risk_filter,nominal,3,0.5527,0.02,0.4312,0.0033,0.2847,0.0055,0.0487,0.0029,0.0741,0.0044,0.0439,0.0034,0.2576,0.0011,0.4195,0.0028,35,0.1585
conformal_risk_filter,nominal,4,0.5605,0.0217,0.4314,0.0026,0.2848,0.0056,0.0483,0.0032,0.074,0.0048,0.0446,0.0036,0.2576,0.0011,0.4193,0.0024,35,0.1588
conformal_risk_filter,nominal,5,0.5323,0.0198,0.4295,0.0031,0.285,0.006,0.0486,0.003,0.0727,0.0047,0.0435,0.0039,0.2576,0.0011,0.419,0.0022,35,0.1687
conformal_risk_filter,nominal,6,0.551,0.0175,0.4287,0.0033,0.2855,0.0058,0.0496,0.0031,0.0741,0.0044,0.0436,0.0034,0.2576,0.0011,0.417,0.0025,35,0.1629
conformal_risk_filter,seen_shift,0,0.5041,0.0238,0.4175,0.0029,0.2979,0.007,0.057,0.0041,0.0923,0.0059,0.0581,0.004,0.2698,0.0014,0.4093,0.0027,35,0.1806
conformal_risk_filter,seen_shift,1,0.5085,0.0212,0.4145,0.0033,0.2977,0.0071,0.0578,0.0039,0.091,0.0051,0.0582,0.0036,0.2698,0.0014,0.4055,0.0028,35,0.1847
conformal_risk_filter,seen_shift,2,0.5289,0.0228,0.4146,0.004,0.2961,0.007,0.0566,0.0042,0.0895,0.0055,0.0576,0.0045,0.2698,0.0014,0.4069,0.0026,35,0.1418
conformal_risk_filter,seen_shift,3,0.4959,0.0226,0.4137,0.0031,0.2982,0.0067,0.0575,0.0041,0.0918,0.0054,0.0587,0.0045,0.2698,0.0014,0.4071,0.0023,35,0.1973
conformal_risk_filter,seen_shift,4,0.5109,0.0175,0.4132,0.0033,0.2977,0.0073,0.0573,0.0038,0.0914,0.0054,0.0594,0.0045,0.2698,0.0014,0.4087,0.002,35,0.1796
conformal_risk_filter,seen_shift,5,0.5085,0.0227,0.4152,0.0035,0.2989,0.0067,0.0568,0.0044,0.0907,0.0056,0.0584,0.0039,0.2698,0.0014,0.4074,0.0025,35,0.166
conformal_risk_filter,seen_shift,6,0.4895,0.0182,0.4143,0.0028,0.2981,0.0064,0.0585,0.0038,0.0909,0.0061,0.0581,0.0043,0.2698,0.0014,0.4062,0.0024,35,0.2051
conformal_risk_filter,unseen_geometry,0,0.4847,0.0166,0.4055,0.0034,0.3102,0.0082,0.0628,0.0056,0.1025,0.0068,0.0639,0.004,0.2759,0.0015,0.4016,0.0035,35,0.1667
conformal_risk_filter,unseen_geometry,1,0.4874,0.023,0.4073,0.0034,0.3085,0.0085,0.0639,0.005,0.1042,0.0074,0.063,0.0039,0.2759,0.0015,0.4031,0.0024,35,0.1765
conformal_risk_filter,unseen_geometry,2,0.4776,0.0161,0.4104,0.0032,0.3078,0.0079,0.0645,0.0048,0.105,0.0074,0.0633,0.0039,0.2759,0.0015,0.3992,0.0031,35,0.1799
conformal_risk_filter,unseen_geometry,3,0.4622,0.0257,0.4087,0.0028,0.307,0.0078,0.0644,0.0051,0.1044,0.0072,0.0627,0.0039,0.2759,0.0015,0.4021,0.003,35,0.2054
conformal_risk_filter,unseen_geometry,4,0.4724,0.0205,0.4111,0.0028,0.3086,0.0081,0.0642,0.0051,0.1043,0.0071,0.0632,0.0044,0.2759,0.0015,0.4013,0.0025,35,0.1915
conformal_risk_filter,unseen_geometry,5,0.4759,0.0214,0.4078,0.0032,0.3075,0.0081,0.0637,0.0053,0.1037,0.0074,0.0624,0.0042,0.2759,0.0015,0.4016,0.0032,35,0.1966
conformal_risk_filter,unseen_geometry,6,0.4895,0.0202,0.4083,0.0039,0.3086,0.0081,0.065,0.0051,0.1051,0.007,0.0621,0.0045,0.2759,0.0015,0.4004,0.0029,35,0.182
conformal_risk_filter,unseen_friction,0,0.4789,0.0225,0.4079,0.0042,0.311,0.0078,0.0629,0.0048,0.1006,0.0059,0.0937,0.0056,0.2794,0.0016,0.3986,0.003,35,0.1861
conformal_risk_filter,unseen_friction,1,0.465,0.0196,0.407,0.0034,0.3113,0.0076,0.0621,0.0046,0.1035,0.0056,0.0944,0.006,0.2794,0.0016,0.3975,0.0028,35,0.1959
conformal_risk_filter,unseen_friction,2,0.4772,0.015,0.4089,0.0028,0.3105,0.0073,0.0617,0.0048,0.1024,0.0059,0.0947,0.0057,0.2794,0.0016,0.3985,0.0025,35,0.1755
conformal_risk_filter,unseen_friction,3,0.4643,0.0212,0.4072,0.003,0.3103,0.0073,0.0617,0.0044,0.1014,0.0055,0.0932,0.0064,0.2794,0.0016,0.4001,0.0025,35,0.1799
conformal_risk_filter,unseen_friction,4,0.4626,0.0198,0.4084,0.0031,0.31,0.0076,0.0609,0.0045,0.103,0.0062,0.0928,0.006,0.2794,0.0016,0.3976,0.0024,35,0.1891
conformal_risk_filter,unseen_friction,5,0.4602,0.0206,0.4082,0.0031,0.3113,0.0075,0.0615,0.0047,0.102,0.0063,0.0941,0.0058,0.2794,0.0016,0.3985,0.0023,35,0.198
conformal_risk_filter,unseen_friction,6,0.4735,0.0218,0.4037,0.0036,0.3098,0.0083,0.0609,0.0045,0.1028,0.0061,0.093,0.0052,0.2794,0.0016,0.3992,0.002,35,0.1864
conformal_risk_filter,combined_stress,0,0.4259,0.0206,0.3952,0.0034,0.3242,0.0089,0.0691,0.0053,0.1203,0.0074,0.0965,0.0056,0.2899,0.0018,0.3907,0.0029,35,0.1935
conformal_risk_filter,combined_stress,1,0.4248,0.0238,0.392,0.0031,0.3203,0.0085,0.0697,0.0057,0.1196,0.0074,0.0944,0.0057,0.2899,0.0018,0.3876,0.0024,35,0.2071
conformal_risk_filter,combined_stress,2,0.4299,0.0214,0.3898,0.0033,0.324,0.009,0.0704,0.0059,0.1191,0.0073,0.0964,0.0059,0.2899,0.0018,0.3912,0.003,35,0.1993
conformal_risk_filter,combined_stress,3,0.4167,0.0241,0.3931,0.0035,0.3234,0.0094,0.0697,0.0062,0.1199,0.0073,0.0951,0.0058,0.2899,0.0018,0.3899,0.0024,35,0.2109
conformal_risk_filter,combined_stress,4,0.4245,0.0166,0.3955,0.003,0.3237,0.0086,0.07,0.0053,0.1177,0.007,0.0962,0.0057,0.2899,0.0018,0.3874,0.0024,35,0.1959
conformal_risk_filter,combined_stress,5,0.4231,0.0252,0.3917,0.0033,0.3233,0.0085,0.0704,0.0058,0.1193,0.0069,0.0963,0.0057,0.2899,0.0018,0.3868,0.0028,35,0.2078
conformal_risk_filter,combined_stress,6,0.4333,0.0182,0.3891,0.0031,0.3237,0.0085,0.0697,0.0058,0.1185,0.0071,0.0957,0.0055,0.2899,0.0018,0.3883,0.0029,35,0.2027
complementarity_residual_planner,nominal,0,0.5673,0.018,0.5317,0.0037,0.2665,0.004,0.0541,0.0037,0.0682,0.0043,0.0434,0.0036,0.2316,0.0011,0.5276,0.0032,35,0.1452
complementarity_residual_planner,nominal,1,0.582,0.0172,0.5294,0.0031,0.2661,0.0035,0.0548,0.0035,0.0672,0.0039,0.0429,0.0033,0.2316,0.0011,0.5247,0.0027,35,0.1446
complementarity_residual_planner,nominal,2,0.5864,0.0175,0.5312,0.0035,0.2666,0.0036,0.055,0.0038,0.0688,0.0042,0.0431,0.0034,0.2316,0.0011,0.5257,0.0028,35,0.134
complementarity_residual_planner,nominal,3,0.5571,0.0227,0.5284,0.003,0.2677,0.0038,0.055,0.0033,0.0689,0.0038,0.041,0.0034,0.2316,0.0011,0.5256,0.0025,35,0.1541
complementarity_residual_planner,nominal,4,0.5616,0.0176,0.5324,0.0033,0.2645,0.004,0.0547,0.0035,0.0697,0.0036,0.0417,0.0034,0.2316,0.0011,0.5269,0.0027,35,0.1578
complementarity_residual_planner,nominal,5,0.5673,0.0195,0.5297,0.0034,0.2657,0.0039,0.0537,0.0036,0.0676,0.0039,0.0412,0.0037,0.2316,0.0011,0.5259,0.0026,35,0.1337
complementarity_residual_planner,nominal,6,0.5653,0.0199,0.5296,0.0033,0.2652,0.0044,0.0543,0.0038,0.0692,0.0041,0.041,0.0032,0.2316,0.0011,0.527,0.0025,35,0.1486
complementarity_residual_planner,seen_shift,0,0.5228,0.0174,0.5195,0.0036,0.2776,0.0046,0.0637,0.0046,0.0864,0.0049,0.0505,0.0039,0.2438,0.0014,0.5156,0.0023,35,0.1619
complementarity_residual_planner,seen_shift,1,0.5228,0.0216,0.5197,0.004,0.2752,0.0052,0.0642,0.0046,0.0847,0.0046,0.051,0.0035,0.2438,0.0014,0.5134,0.0022,35,0.1704
complementarity_residual_planner,seen_shift,2,0.5333,0.0214,0.5171,0.0025,0.2769,0.0045,0.0645,0.0046,0.0856,0.0049,0.0519,0.004,0.2438,0.0014,0.5116,0.0024,35,0.1374
complementarity_residual_planner,seen_shift,3,0.5262,0.0204,0.5181,0.0029,0.276,0.0051,0.0633,0.0052,0.0858,0.0049,0.0528,0.0039,0.2438,0.0014,0.5146,0.0025,35,0.167
complementarity_residual_planner,seen_shift,4,0.5381,0.0195,0.5186,0.0037,0.2764,0.0047,0.0626,0.0048,0.0844,0.0048,0.052,0.0042,0.2438,0.0014,0.5134,0.0018,35,0.1524
complementarity_residual_planner,seen_shift,5,0.5374,0.0192,0.5151,0.0036,0.2779,0.0051,0.0644,0.0049,0.085,0.0047,0.0517,0.0038,0.2438,0.0014,0.5165,0.0025,35,0.1371
complementarity_residual_planner,seen_shift,6,0.5347,0.0174,0.5217,0.0037,0.2768,0.0053,0.0636,0.0048,0.085,0.0041,0.0516,0.004,0.2438,0.0014,0.5127,0.0031,35,0.1599
complementarity_residual_planner,unseen_geometry,0,0.4993,0.0189,0.5106,0.003,0.284,0.006,0.0703,0.006,0.096,0.0058,0.0549,0.0035,0.2499,0.0015,0.5087,0.0027,35,0.152
complementarity_residual_planner,unseen_geometry,1,0.5153,0.0202,0.5109,0.0031,0.2825,0.0053,0.0725,0.0061,0.0967,0.0055,0.0534,0.0037,0.2499,0.0015,0.5084,0.0029,35,0.1486
complementarity_residual_planner,unseen_geometry,2,0.5143,0.0195,0.5134,0.0032,0.2826,0.0058,0.0715,0.0054,0.0961,0.0056,0.0554,0.0037,0.2499,0.0015,0.5088,0.0031,35,0.1432
complementarity_residual_planner,unseen_geometry,3,0.4973,0.0171,0.5116,0.0031,0.2826,0.0054,0.0718,0.0058,0.0977,0.0058,0.054,0.0042,0.2499,0.0015,0.5105,0.0023,35,0.1704
complementarity_residual_planner,unseen_geometry,4,0.5037,0.0173,0.5117,0.0032,0.2835,0.0054,0.0717,0.0062,0.0957,0.0058,0.0537,0.004,0.2499,0.0015,0.5089,0.0029,35,0.1602
complementarity_residual_planner,unseen_geometry,5,0.5003,0.019,0.5139,0.0029,0.2815,0.0058,0.0722,0.006,0.0963,0.0055,0.0543,0.0044,0.2499,0.0015,0.51,0.0026,35,0.1721
complementarity_residual_planner,unseen_geometry,6,0.5112,0.0186,0.5103,0.0034,0.2807,0.0052,0.0698,0.0056,0.0966,0.0057,0.0551,0.0045,0.2499,0.0015,0.5082,0.0026,35,0.1602
complementarity_residual_planner,unseen_friction,0,0.4939,0.0161,0.5096,0.0034,0.2847,0.0062,0.0686,0.0055,0.098,0.0052,0.074,0.0056,0.2534,0.0016,0.5047,0.0028,35,0.1711
complementarity_residual_planner,unseen_friction,1,0.5112,0.0197,0.5081,0.0032,0.2859,0.0059,0.0687,0.0055,0.0959,0.0049,0.0739,0.0053,0.2534,0.0016,0.5055,0.0024,35,0.1497
complementarity_residual_planner,unseen_friction,2,0.5143,0.0189,0.5087,0.0036,0.2855,0.007,0.0691,0.0053,0.0953,0.0049,0.0736,0.0054,0.2534,0.0016,0.5084,0.0031,35,0.1384
complementarity_residual_planner,unseen_friction,3,0.4912,0.0229,0.5076,0.0035,0.2873,0.0057,0.0698,0.0055,0.0967,0.0051,0.0755,0.0057,0.2534,0.0016,0.5036,0.0026,35,0.1531
complementarity_residual_planner,unseen_friction,4,0.5024,0.0147,0.5096,0.0029,0.2878,0.006,0.0687,0.0054,0.097,0.0049,0.0746,0.005,0.2534,0.0016,0.5088,0.0027,35,0.1493
complementarity_residual_planner,unseen_friction,5,0.4905,0.0204,0.5112,0.0034,0.2863,0.0059,0.0685,0.0051,0.097,0.0047,0.0733,0.0052,0.2534,0.0016,0.5052,0.0023,35,0.1677
complementarity_residual_planner,unseen_friction,6,0.5078,0.0185,0.507,0.0033,0.2864,0.0059,0.0686,0.0054,0.0961,0.0048,0.0735,0.0054,0.2534,0.0016,0.5058,0.0026,35,0.152
complementarity_residual_planner,combined_stress,0,0.4724,0.0219,0.4957,0.0032,0.2941,0.0067,0.0784,0.0068,0.1139,0.0058,0.0762,0.005,0.2639,0.0018,0.4954,0.003,35,0.1469
complementarity_residual_planner,combined_stress,1,0.4687,0.0189,0.4944,0.0032,0.2945,0.0065,0.0796,0.0065,0.1121,0.0062,0.0756,0.0056,0.2639,0.0018,0.4968,0.0025,35,0.1633
complementarity_residual_planner,combined_stress,2,0.4735,0.0182,0.4969,0.0029,0.2949,0.0063,0.0794,0.0068,0.1125,0.0058,0.0762,0.0054,0.2639,0.0018,0.4957,0.0025,35,0.1558
complementarity_residual_planner,combined_stress,3,0.4551,0.0212,0.4924,0.0038,0.2946,0.0067,0.0778,0.0065,0.1114,0.0064,0.0746,0.0055,0.2639,0.0018,0.4978,0.0029,35,0.1724
complementarity_residual_planner,combined_stress,4,0.4619,0.0231,0.4955,0.0031,0.2942,0.0062,0.0788,0.0066,0.1118,0.0058,0.0755,0.0057,0.2639,0.0018,0.4959,0.0023,35,0.1585
complementarity_residual_planner,combined_stress,5,0.4653,0.0168,0.4937,0.0026,0.2948,0.0064,0.079,0.0066,0.112,0.0059,0.0762,0.0052,0.2639,0.0018,0.4969,0.0028,35,0.1656
complementarity_residual_planner,combined_stress,6,0.4463,0.0192,0.4963,0.0028,0.2935,0.006,0.0777,0.0067,0.1125,0.006,0.0755,0.0055,0.2639,0.0018,0.4954,0.0024,35,0.1898
proposed_contact_mode_boundary_atlas,nominal,0,0.6184,0.0161,0.6659,0.0033,0.2315,0.0032,0.0461,0.0029,0.0576,0.0031,0.034,0.0022,0.1845,0.0011,0.6326,0.0026,35,0.0942
proposed_contact_mode_boundary_atlas,nominal,1,0.6252,0.0167,0.6653,0.0027,0.2308,0.0031,0.0466,0.0029,0.0558,0.0032,0.0324,0.0024,0.1845,0.0011,0.6331,0.0028,35,0.1014
proposed_contact_mode_boundary_atlas,nominal,2,0.6262,0.0193,0.6705,0.0036,0.2308,0.0028,0.0466,0.003,0.0564,0.0027,0.0337,0.0023,0.1845,0.0011,0.6321,0.002,35,0.0942
proposed_contact_mode_boundary_atlas,nominal,3,0.6364,0.0156,0.6658,0.0036,0.2296,0.0025,0.0469,0.0025,0.0572,0.0027,0.0345,0.0019,0.1845,0.0011,0.6331,0.0024,35,0.0748
proposed_contact_mode_boundary_atlas,nominal,4,0.6221,0.0188,0.6654,0.0033,0.2299,0.0024,0.0466,0.0023,0.0567,0.0024,0.0334,0.0019,0.1845,0.0011,0.6317,0.0025,35,0.0973
proposed_contact_mode_boundary_atlas,nominal,5,0.6265,0.0178,0.6646,0.0025,0.2305,0.0027,0.0471,0.0027,0.055,0.003,0.0343,0.0027,0.1845,0.0011,0.634,0.0026,35,0.0745
proposed_contact_mode_boundary_atlas,nominal,6,0.6255,0.0176,0.6691,0.0029,0.2298,0.003,0.0459,0.0028,0.055,0.0023,0.0346,0.0022,0.1845,0.0011,0.6336,0.0026,35,0.0884
proposed_contact_mode_boundary_atlas,seen_shift,0,0.5837,0.019,0.6581,0.0041,0.2371,0.0033,0.0536,0.0034,0.0717,0.0033,0.0408,0.0028,0.1967,0.0014,0.6223,0.002,35,0.101
proposed_contact_mode_boundary_atlas,seen_shift,1,0.585,0.0175,0.65,0.0029,0.2363,0.0036,0.0539,0.003,0.0704,0.0026,0.0405,0.0022,0.1967,0.0014,0.62,0.0023,35,0.1082
proposed_contact_mode_boundary_atlas,seen_shift,2,0.5867,0.0194,0.653,0.0029,0.2368,0.0035,0.053,0.0033,0.0713,0.0031,0.0408,0.0023,0.1967,0.0014,0.6227,0.0023,35,0.084
proposed_contact_mode_boundary_atlas,seen_shift,3,0.5833,0.0206,0.6535,0.0036,0.2373,0.0033,0.0538,0.0035,0.0691,0.0022,0.04,0.002,0.1967,0.0014,0.6214,0.0027,35,0.1099
proposed_contact_mode_boundary_atlas,seen_shift,4,0.5935,0.0176,0.6532,0.0033,0.2342,0.0033,0.0536,0.003,0.0697,0.0029,0.0406,0.0024,0.1967,0.0014,0.6253,0.0025,35,0.0969
proposed_contact_mode_boundary_atlas,seen_shift,5,0.6031,0.0186,0.6545,0.0033,0.2336,0.0034,0.0555,0.0036,0.071,0.0027,0.0408,0.0024,0.1967,0.0014,0.6211,0.0027,35,0.0714
proposed_contact_mode_boundary_atlas,seen_shift,6,0.584,0.0198,0.6547,0.0044,0.2377,0.0035,0.0524,0.0031,0.0695,0.0034,0.0414,0.002,0.1967,0.0014,0.6214,0.0028,35,0.1105
proposed_contact_mode_boundary_atlas,unseen_geometry,0,0.5626,0.0162,0.6457,0.003,0.2401,0.0036,0.059,0.0041,0.0783,0.0033,0.0417,0.0029,0.2028,0.0015,0.6176,0.0027,35,0.0888
proposed_contact_mode_boundary_atlas,unseen_geometry,1,0.5796,0.0179,0.6477,0.0036,0.2393,0.0037,0.0588,0.0045,0.077,0.0029,0.0423,0.0026,0.2028,0.0015,0.6162,0.0024,35,0.0844
proposed_contact_mode_boundary_atlas,unseen_geometry,2,0.5401,0.0194,0.6509,0.0037,0.2398,0.0034,0.0581,0.0042,0.0768,0.0041,0.0415,0.0024,0.2028,0.0015,0.6171,0.0028,35,0.1173
proposed_contact_mode_boundary_atlas,unseen_geometry,3,0.5673,0.0173,0.6456,0.0037,0.241,0.0033,0.0587,0.0039,0.0784,0.0033,0.0424,0.0024,0.2028,0.0015,0.6132,0.0026,35,0.1003
proposed_contact_mode_boundary_atlas,unseen_geometry,4,0.5602,0.0157,0.6455,0.0041,0.2376,0.0039,0.0588,0.004,0.079,0.0029,0.042,0.0025,0.2028,0.0015,0.6169,0.0027,35,0.1037
proposed_contact_mode_boundary_atlas,unseen_geometry,5,0.565,0.0203,0.6466,0.0027,0.2394,0.0034,0.0587,0.004,0.0772,0.0034,0.0428,0.0019,0.2028,0.0015,0.6161,0.0027,35,0.1075
proposed_contact_mode_boundary_atlas,unseen_geometry,6,0.585,0.022,0.6483,0.003,0.2392,0.0038,0.0591,0.004,0.077,0.0044,0.0414,0.0025,0.2028,0.0015,0.6173,0.0023,35,0.0864
proposed_contact_mode_boundary_atlas,unseen_friction,0,0.5663,0.0158,0.6424,0.0037,0.2407,0.0036,0.0566,0.0039,0.0801,0.003,0.055,0.003,0.2063,0.0016,0.6115,0.003,35,0.0986
proposed_contact_mode_boundary_atlas,unseen_friction,1,0.5728,0.0177,0.6436,0.0032,0.241,0.0042,0.0572,0.0038,0.08,0.0031,0.0553,0.0034,0.2063,0.0016,0.6135,0.0024,35,0.0881
proposed_contact_mode_boundary_atlas,unseen_friction,2,0.568,0.0172,0.643,0.0031,0.2412,0.0042,0.0568,0.0037,0.0795,0.0032,0.056,0.0029,0.2063,0.0016,0.6138,0.0023,35,0.0847
proposed_contact_mode_boundary_atlas,unseen_friction,3,0.5898,0.0173,0.6458,0.0029,0.2406,0.0034,0.0582,0.004,0.0802,0.0033,0.0547,0.0028,0.2063,0.0016,0.6132,0.0022,35,0.0544
proposed_contact_mode_boundary_atlas,unseen_friction,4,0.5619,0.0213,0.6415,0.0036,0.2425,0.0041,0.0571,0.0038,0.0791,0.0032,0.0546,0.003,0.2063,0.0016,0.6146,0.003,35,0.0898
proposed_contact_mode_boundary_atlas,unseen_friction,5,0.5656,0.0178,0.6434,0.0027,0.2408,0.0036,0.0575,0.0038,0.0772,0.0027,0.0548,0.0028,0.2063,0.0016,0.6133,0.002,35,0.0925
proposed_contact_mode_boundary_atlas,unseen_friction,6,0.5571,0.0205,0.6493,0.0031,0.241,0.004,0.0581,0.0037,0.0792,0.0035,0.0549,0.0032,0.2063,0.0016,0.6119,0.0027,35,0.1027
proposed_contact_mode_boundary_atlas,combined_stress,0,0.5439,0.0168,0.6334,0.0039,0.246,0.0039,0.0631,0.0044,0.0921,0.0034,0.0579,0.003,0.2168,0.0018,0.6053,0.0025,35,0.0755
proposed_contact_mode_boundary_atlas,combined_stress,1,0.5395,0.0184,0.6285,0.0033,0.2454,0.0037,0.064,0.0044,0.0925,0.0037,0.0574,0.0033,0.2168,0.0018,0.6041,0.0026,35,0.0925
proposed_contact_mode_boundary_atlas,combined_stress,2,0.548,0.0183,0.6286,0.0034,0.247,0.0037,0.0639,0.0043,0.091,0.0032,0.0569,0.0029,0.2168,0.0018,0.6043,0.0025,35,0.0813
proposed_contact_mode_boundary_atlas,combined_stress,3,0.5391,0.0206,0.63,0.0034,0.2449,0.0046,0.0654,0.0047,0.0909,0.0037,0.0573,0.0022,0.2168,0.0018,0.6033,0.0023,35,0.0884
proposed_contact_mode_boundary_atlas,combined_stress,4,0.5371,0.016,0.6307,0.0032,0.2458,0.004,0.0636,0.005,0.0903,0.0037,0.0554,0.003,0.2168,0.0018,0.6031,0.0023,35,0.0833
proposed_contact_mode_boundary_atlas,combined_stress,5,0.5303,0.019,0.6297,0.0038,0.2467,0.004,0.0626,0.0048,0.0925,0.0034,0.0566,0.003,0.2168,0.0018,0.6038,0.0029,35,0.1007
proposed_contact_mode_boundary_atlas,combined_stress,6,0.5398,0.0186,0.6312,0.0032,0.2444,0.0037,0.0639,0.0044,0.0916,0.0035,0.0571,0.0034,0.2168,0.0018,0.6039,0.003,35,0.0963
oracle_contact_mode_supervisor,nominal,0,0.7126,0.02,0.7556,0.0029,0.2212,0.0022,0.037,0.0017,0.0549,0.0021,0.0274,0.0018,0.1701,0.0011,0.7028,0.0023,35,0.0
oracle_contact_mode_supervisor,nominal,1,0.7265,0.0196,0.7534,0.0034,0.2207,0.0019,0.037,0.0017,0.0576,0.0024,0.0285,0.0017,0.1701,0.0011,0.7021,0.0025,35,0.0
oracle_contact_mode_supervisor,nominal,2,0.7204,0.0228,0.7531,0.0029,0.2208,0.0019,0.0367,0.0015,0.0571,0.0022,0.0277,0.0015,0.1701,0.0011,0.7026,0.0027,35,0.0
oracle_contact_mode_supervisor,nominal,3,0.7112,0.0149,0.7577,0.003,0.2206,0.0018,0.0379,0.0017,0.057,0.0023,0.0293,0.0017,0.1701,0.0011,0.7022,0.0026,35,0.0
oracle_contact_mode_supervisor,nominal,4,0.7194,0.0164,0.7542,0.0037,0.2207,0.0019,0.0377,0.0014,0.0577,0.0024,0.0288,0.0018,0.1701,0.0011,0.7021,0.0024,35,0.0
oracle_contact_mode_supervisor,nominal,5,0.701,0.0162,0.7559,0.0038,0.223,0.0022,0.0364,0.0018,0.0566,0.0023,0.0295,0.0017,0.1701,0.0011,0.7015,0.0026,35,0.0
oracle_contact_mode_supervisor,nominal,6,0.7139,0.0194,0.7534,0.0031,0.2186,0.0022,0.0361,0.0017,0.0573,0.0022,0.0289,0.002,0.1701,0.0011,0.7027,0.0028,35,0.0
oracle_contact_mode_supervisor,seen_shift,0,0.6847,0.0201,0.7419,0.0034,0.2214,0.0024,0.0413,0.0018,0.0688,0.0023,0.0322,0.002,0.1823,0.0014,0.6903,0.0029,35,0.0
oracle_contact_mode_supervisor,seen_shift,1,0.6932,0.0168,0.7432,0.0036,0.2242,0.0019,0.0395,0.002,0.0698,0.0025,0.0315,0.0017,0.1823,0.0014,0.6921,0.0018,35,0.0
oracle_contact_mode_supervisor,seen_shift,2,0.6707,0.019,0.741,0.0031,0.2237,0.0017,0.041,0.0023,0.0705,0.0025,0.0303,0.0017,0.1823,0.0014,0.6894,0.0021,35,0.0
oracle_contact_mode_supervisor,seen_shift,3,0.6932,0.0162,0.7451,0.0026,0.2223,0.0021,0.0399,0.002,0.0689,0.0023,0.0313,0.0016,0.1823,0.0014,0.6885,0.0029,35,0.0
oracle_contact_mode_supervisor,seen_shift,4,0.6905,0.0182,0.744,0.0029,0.222,0.0023,0.0412,0.002,0.0692,0.0024,0.0326,0.0019,0.1823,0.0014,0.6904,0.0025,35,0.0
oracle_contact_mode_supervisor,seen_shift,5,0.6745,0.0196,0.7446,0.0028,0.2215,0.0021,0.0399,0.0018,0.0693,0.0028,0.0303,0.002,0.1823,0.0014,0.691,0.0022,35,0.0
oracle_contact_mode_supervisor,seen_shift,6,0.6946,0.0138,0.7424,0.0029,0.2223,0.002,0.0406,0.0017,0.0701,0.0021,0.0331,0.0022,0.1823,0.0014,0.6902,0.0023,35,0.0
oracle_contact_mode_supervisor,unseen_geometry,0,0.6514,0.0144,0.7415,0.0038,0.2231,0.0022,0.0437,0.0021,0.0778,0.0029,0.0336,0.002,0.1884,0.0015,0.6861,0.0031,35,0.0
oracle_contact_mode_supervisor,unseen_geometry,1,0.6639,0.0185,0.7356,0.0028,0.2223,0.0022,0.041,0.0025,0.0778,0.003,0.0322,0.0015,0.1884,0.0015,0.6862,0.0023,35,0.0
oracle_contact_mode_supervisor,unseen_geometry,2,0.6575,0.0167,0.7366,0.0032,0.2252,0.0022,0.043,0.0022,0.0763,0.0024,0.0305,0.0016,0.1884,0.0015,0.6858,0.0026,35,0.0
oracle_contact_mode_supervisor,unseen_geometry,3,0.6677,0.0172,0.7379,0.0037,0.2246,0.0022,0.0439,0.0022,0.0783,0.0019,0.0321,0.0016,0.1884,0.0015,0.6866,0.0026,35,0.0
oracle_contact_mode_supervisor,unseen_geometry,4,0.6639,0.02,0.741,0.0034,0.2245,0.0026,0.0419,0.0026,0.0772,0.003,0.0324,0.0017,0.1884,0.0015,0.6867,0.003,35,0.0
oracle_contact_mode_supervisor,unseen_geometry,5,0.6724,0.0176,0.7391,0.003,0.2239,0.002,0.0436,0.0019,0.0777,0.0028,0.0341,0.0017,0.1884,0.0015,0.6841,0.0027,35,0.0
oracle_contact_mode_supervisor,unseen_geometry,6,0.6714,0.0136,0.7391,0.0033,0.2241,0.0024,0.0416,0.0022,0.0778,0.0031,0.0334,0.0016,0.1884,0.0015,0.6835,0.0026,35,0.0
oracle_contact_mode_supervisor,unseen_friction,0,0.665,0.0185,0.7329,0.0038,0.2237,0.0021,0.0421,0.0021,0.0782,0.0023,0.0375,0.002,0.1919,0.0016,0.6791,0.0026,35,0.0
oracle_contact_mode_supervisor,unseen_friction,1,0.6609,0.0181,0.732,0.003,0.2232,0.0019,0.0419,0.0021,0.0812,0.0031,0.0379,0.0021,0.1919,0.0016,0.6829,0.0025,35,0.0
oracle_contact_mode_supervisor,unseen_friction,2,0.6527,0.0179,0.7328,0.0029,0.2247,0.0024,0.0413,0.0019,0.0795,0.0028,0.0363,0.0015,0.1919,0.0016,0.6833,0.0023,35,0.0
oracle_contact_mode_supervisor,unseen_friction,3,0.6442,0.0192,0.736,0.0033,0.2248,0.002,0.0425,0.002,0.0804,0.0029,0.0373,0.0023,0.1919,0.0016,0.6805,0.0027,35,0.0
oracle_contact_mode_supervisor,unseen_friction,4,0.6517,0.0217,0.732,0.0026,0.2237,0.0023,0.0437,0.0022,0.0804,0.0027,0.0356,0.0017,0.1919,0.0016,0.6833,0.0027,35,0.0
oracle_contact_mode_supervisor,unseen_friction,5,0.6582,0.0161,0.7353,0.0028,0.2235,0.0024,0.0431,0.0023,0.0804,0.0032,0.0373,0.002,0.1919,0.0016,0.6833,0.0031,35,0.0
oracle_contact_mode_supervisor,unseen_friction,6,0.6599,0.0171,0.7362,0.0036,0.2238,0.0026,0.0435,0.0021,0.0814,0.0027,0.037,0.0022,0.1919,0.0016,0.6822,0.0026,35,0.0
oracle_contact_mode_supervisor,combined_stress,0,0.6194,0.0204,0.7224,0.0037,0.2256,0.0022,0.0474,0.0024,0.0938,0.003,0.0389,0.0018,0.2024,0.0018,0.6716,0.0022,35,0.0
oracle_contact_mode_supervisor,combined_stress,1,0.632,0.0152,0.723,0.0034,0.2275,0.0025,0.0465,0.0026,0.0941,0.0033,0.0383,0.0019,0.2024,0.0018,0.6733,0.0029,35,0.0
oracle_contact_mode_supervisor,combined_stress,2,0.6293,0.0144,0.7214,0.0028,0.2252,0.0029,0.0468,0.0024,0.0917,0.0026,0.039,0.002,0.2024,0.0018,0.6711,0.0023,35,0.0
oracle_contact_mode_supervisor,combined_stress,3,0.6276,0.0181,0.7212,0.0031,0.2252,0.0025,0.0454,0.0026,0.0917,0.0031,0.0388,0.0016,0.2024,0.0018,0.6709,0.0025,35,0.0
oracle_contact_mode_supervisor,combined_stress,4,0.6204,0.0173,0.7219,0.0034,0.2259,0.0022,0.0457,0.0025,0.0928,0.0028,0.038,0.0024,0.2024,0.0018,0.6724,0.0025,35,0.0
oracle_contact_mode_supervisor,combined_stress,5,0.631,0.0179,0.7231,0.0032,0.2262,0.0027,0.0466,0.0022,0.0933,0.0028,0.0387,0.002,0.2024,0.0018,0.6718,0.0022,35,0.0
oracle_contact_mode_supervisor,combined_stress,6,0.6361,0.0191,0.7198,0.003,0.2267,0.0026,0.0455,0.0025,0.0927,0.0031,0.0383,0.0023,0.2024,0.0018,0.6722,0.0032,35,0.0
